<BackupInst xmlns="http://www.microsoft.com/GroupPolicy/GPOOperations/Manifest"><GPOGuid><![CDATA[{FCA1F643-E43D-4345-9C73-FA46C36184E0}]]></GPOGuid><GPODomain><![CDATA[bruh.local]]></GPODomain><GPODomainGuid><![CDATA[{3967d319-8d1c-4c8b-ab5e-261385f8ebe4}]]></GPODomainGuid><GPODomainController><![CDATA[WIN-KSMP2NDOJD1.bruh.local]]></GPODomainController><BackupTime><![CDATA[2020-06-07T21:53:57]]></BackupTime><ID><![CDATA[{E0AF4663-A7DF-45FA-9101-F0D42BFBC032}]]></ID><Comment><![CDATA[]]></Comment><GPODisplayName><![CDATA[Turn Off Autoplay]]></GPODisplayName></BackupInst>
