<BackupInst xmlns="http://www.microsoft.com/GroupPolicy/GPOOperations/Manifest"><GPOGuid><![CDATA[{AC5FE4D2-30BE-4F90-B96D-AB18127DA606}]]></GPOGuid><GPODomain><![CDATA[bruh.local]]></GPODomain><GPODomainGuid><![CDATA[{3967d319-8d1c-4c8b-ab5e-261385f8ebe4}]]></GPODomainGuid><GPODomainController><![CDATA[WIN-KSMP2NDOJD1.bruh.local]]></GPODomainController><BackupTime><![CDATA[2020-06-07T21:53:53]]></BackupTime><ID><![CDATA[{BE58249F-A3D6-4186-8571-C00A3244EB25}]]></ID><Comment><![CDATA[]]></Comment><GPODisplayName><![CDATA[Advanced Audit Policy Configuration]]></GPODisplayName></BackupInst>
