<BackupInst xmlns="http://www.microsoft.com/GroupPolicy/GPOOperations/Manifest"><GPOGuid><![CDATA[{178C754C-2DEB-4E9E-9881-D7185D89EA03}]]></GPOGuid><GPODomain><![CDATA[bruh.local]]></GPODomain><GPODomainGuid><![CDATA[{3967d319-8d1c-4c8b-ab5e-261385f8ebe4}]]></GPODomainGuid><GPODomainController><![CDATA[WIN-KSMP2NDOJD1.bruh.local]]></GPODomainController><BackupTime><![CDATA[2020-06-07T21:53:54]]></BackupTime><ID><![CDATA[{58FDDA28-F0E4-44C1-A651-190CD112E89B}]]></ID><Comment><![CDATA[]]></Comment><GPODisplayName><![CDATA[Disallow Windows Apps to share application data]]></GPODisplayName></BackupInst>
