<BackupInst xmlns="http://www.microsoft.com/GroupPolicy/GPOOperations/Manifest"><GPOGuid><![CDATA[{F2B25632-6B42-4E0A-9F28-AF5ACBDE3DF4}]]></GPOGuid><GPODomain><![CDATA[bruh.local]]></GPODomain><GPODomainGuid><![CDATA[{3967d319-8d1c-4c8b-ab5e-261385f8ebe4}]]></GPODomainGuid><GPODomainController><![CDATA[WIN-KSMP2NDOJD1.bruh.local]]></GPODomainController><BackupTime><![CDATA[2020-06-07T21:53:58]]></BackupTime><ID><![CDATA[{A1B14C53-0D4A-4F70-AB46-2B5650DF10FF}]]></ID><Comment><![CDATA[]]></Comment><GPODisplayName><![CDATA[Turn Off Microsoft Consumer Experiences]]></GPODisplayName></BackupInst>
