<BackupInst xmlns="http://www.microsoft.com/GroupPolicy/GPOOperations/Manifest"><GPOGuid><![CDATA[{B68B89EB-18A4-4E97-AF9A-A53E0699A1A7}]]></GPOGuid><GPODomain><![CDATA[bruh.local]]></GPODomain><GPODomainGuid><![CDATA[{3967d319-8d1c-4c8b-ab5e-261385f8ebe4}]]></GPODomainGuid><GPODomainController><![CDATA[WIN-KSMP2NDOJD1.bruh.local]]></GPODomainController><BackupTime><![CDATA[2020-06-07T21:53:53]]></BackupTime><ID><![CDATA[{93DBBC68-6228-4A93-A664-F907B88F76D2}]]></ID><Comment><![CDATA[]]></Comment><GPODisplayName><![CDATA[Disable Font Providers]]></GPODisplayName></BackupInst>
