<BackupInst xmlns="http://www.microsoft.com/GroupPolicy/GPOOperations/Manifest"><GPOGuid><![CDATA[{EB53A606-1069-42F3-96E6-A2BEC7A1B115}]]></GPOGuid><GPODomain><![CDATA[bruh.local]]></GPODomain><GPODomainGuid><![CDATA[{3967d319-8d1c-4c8b-ab5e-261385f8ebe4}]]></GPODomainGuid><GPODomainController><![CDATA[WIN-KSMP2NDOJD1.bruh.local]]></GPODomainController><BackupTime><![CDATA[2020-06-07T21:53:54]]></BackupTime><ID><![CDATA[{22888DEE-6373-4AA7-A4BD-83D0D42015D5}]]></ID><Comment><![CDATA[]]></Comment><GPODisplayName><![CDATA[Enable Hardened UNC Paths]]></GPODisplayName></BackupInst>
