<BackupInst xmlns="http://www.microsoft.com/GroupPolicy/GPOOperations/Manifest"><GPOGuid><![CDATA[{8D3C5838-DF4B-4F47-B959-3ABC2FEE2BC6}]]></GPOGuid><GPODomain><![CDATA[bruh.local]]></GPODomain><GPODomainGuid><![CDATA[{3967d319-8d1c-4c8b-ab5e-261385f8ebe4}]]></GPODomainGuid><GPODomainController><![CDATA[WIN-KSMP2NDOJD1.bruh.local]]></GPODomainController><BackupTime><![CDATA[2020-06-07T21:53:57]]></BackupTime><ID><![CDATA[{DF290A72-ED3C-47CA-977F-74CEEDA47C5B}]]></ID><Comment><![CDATA[]]></Comment><GPODisplayName><![CDATA[Security Options - Shutdown (Disallow system to be shutdown without logon)]]></GPODisplayName></BackupInst>
