<BackupInst xmlns="http://www.microsoft.com/GroupPolicy/GPOOperations/Manifest"><GPOGuid><![CDATA[{3F0BABE1-DF3A-4A93-B5AF-512917D58819}]]></GPOGuid><GPODomain><![CDATA[bruh.local]]></GPODomain><GPODomainGuid><![CDATA[{3967d319-8d1c-4c8b-ab5e-261385f8ebe4}]]></GPODomainGuid><GPODomainController><![CDATA[WIN-KSMP2NDOJD1.bruh.local]]></GPODomainController><BackupTime><![CDATA[2020-06-07T21:53:57]]></BackupTime><ID><![CDATA[{C62566C2-3BCA-49BC-BC0D-02689E4F7CD2}]]></ID><Comment><![CDATA[]]></Comment><GPODisplayName><![CDATA[Security Options - Microsoft Network Server]]></GPODisplayName></BackupInst>
