<BackupInst xmlns="http://www.microsoft.com/GroupPolicy/GPOOperations/Manifest"><GPOGuid><![CDATA[{5F56B960-7080-4326-AAB0-7C026B322D5F}]]></GPOGuid><GPODomain><![CDATA[bruh.local]]></GPODomain><GPODomainGuid><![CDATA[{3967d319-8d1c-4c8b-ab5e-261385f8ebe4}]]></GPODomainGuid><GPODomainController><![CDATA[WIN-KSMP2NDOJD1.bruh.local]]></GPODomainController><BackupTime><![CDATA[2020-06-07T21:53:57]]></BackupTime><ID><![CDATA[{00FA1F89-3AF5-4819-904C-CC9D979871B0}]]></ID><Comment><![CDATA[]]></Comment><GPODisplayName><![CDATA[Security Options - Interactive Logon]]></GPODisplayName></BackupInst>
