<BackupInst xmlns="http://www.microsoft.com/GroupPolicy/GPOOperations/Manifest"><GPOGuid><![CDATA[{3CD82ED7-5611-4913-88C6-46BCD5D7C538}]]></GPOGuid><GPODomain><![CDATA[bruh.local]]></GPODomain><GPODomainGuid><![CDATA[{3967d319-8d1c-4c8b-ab5e-261385f8ebe4}]]></GPODomainGuid><GPODomainController><![CDATA[WIN-KSMP2NDOJD1.bruh.local]]></GPODomainController><BackupTime><![CDATA[2020-06-07T21:53:58]]></BackupTime><ID><![CDATA[{C36BC3E8-8693-488C-BEAF-FF7B41A32D73}]]></ID><Comment><![CDATA[]]></Comment><GPODisplayName><![CDATA[Turn off Notifications Network Usage]]></GPODisplayName></BackupInst>
