<BackupInst xmlns="http://www.microsoft.com/GroupPolicy/GPOOperations/Manifest"><GPOGuid><![CDATA[{C253F1DB-56B3-4F15-B975-541825A80AFA}]]></GPOGuid><GPODomain><![CDATA[bruh.local]]></GPODomain><GPODomainGuid><![CDATA[{3967d319-8d1c-4c8b-ab5e-261385f8ebe4}]]></GPODomainGuid><GPODomainController><![CDATA[WIN-KSMP2NDOJD1.bruh.local]]></GPODomainController><BackupTime><![CDATA[2020-06-07T21:53:55]]></BackupTime><ID><![CDATA[{547F29E8-C67B-4C42-9360-9E6BF5252587}]]></ID><Comment><![CDATA[]]></Comment><GPODisplayName><![CDATA[Prevent Access to Command Prompt]]></GPODisplayName></BackupInst>
