<BackupInst xmlns="http://www.microsoft.com/GroupPolicy/GPOOperations/Manifest"><GPOGuid><![CDATA[{49753193-1040-458C-8997-1BA903322E84}]]></GPOGuid><GPODomain><![CDATA[bruh.local]]></GPODomain><GPODomainGuid><![CDATA[{3967d319-8d1c-4c8b-ab5e-261385f8ebe4}]]></GPODomainGuid><GPODomainController><![CDATA[WIN-KSMP2NDOJD1.bruh.local]]></GPODomainController><BackupTime><![CDATA[2020-06-07T21:53:58]]></BackupTime><ID><![CDATA[{02648969-6453-4DF3-A2E0-DB0A0A9BA7C2}]]></ID><Comment><![CDATA[]]></Comment><GPODisplayName><![CDATA[Turn Off Multicast Name Resolution]]></GPODisplayName></BackupInst>
