<BackupInst xmlns="http://www.microsoft.com/GroupPolicy/GPOOperations/Manifest"><GPOGuid><![CDATA[{837177F5-08C3-474A-8226-80A1A1CC28B5}]]></GPOGuid><GPODomain><![CDATA[bruh.local]]></GPODomain><GPODomainGuid><![CDATA[{3967d319-8d1c-4c8b-ab5e-261385f8ebe4}]]></GPODomainGuid><GPODomainController><![CDATA[WIN-KSMP2NDOJD1.bruh.local]]></GPODomainController><BackupTime><![CDATA[2020-06-07T21:53:58]]></BackupTime><ID><![CDATA[{A4B53E13-92D5-4364-AB07-BD7AF932AA5D}]]></ID><Comment><![CDATA[]]></Comment><GPODisplayName><![CDATA[User Rights Assignment]]></GPODisplayName></BackupInst>
