<BackupInst xmlns="http://www.microsoft.com/GroupPolicy/GPOOperations/Manifest"><GPOGuid><![CDATA[{6EEE7FE5-638E-41BF-AF08-35D373FECCC9}]]></GPOGuid><GPODomain><![CDATA[bruh.local]]></GPODomain><GPODomainGuid><![CDATA[{3967d319-8d1c-4c8b-ab5e-261385f8ebe4}]]></GPODomainGuid><GPODomainController><![CDATA[WIN-KSMP2NDOJD1.bruh.local]]></GPODomainController><BackupTime><![CDATA[2020-06-07T21:53:56]]></BackupTime><ID><![CDATA[{57D1DA32-967D-4F36-AE8D-4C9C5591A87C}]]></ID><Comment><![CDATA[]]></Comment><GPODisplayName><![CDATA[Remote Assistance Settings]]></GPODisplayName></BackupInst>
