<BackupInst xmlns="http://www.microsoft.com/GroupPolicy/GPOOperations/Manifest"><GPOGuid><![CDATA[{A9C14B7A-5F03-4F8B-84F9-108E218F7D72}]]></GPOGuid><GPODomain><![CDATA[bruh.local]]></GPODomain><GPODomainGuid><![CDATA[{3967d319-8d1c-4c8b-ab5e-261385f8ebe4}]]></GPODomainGuid><GPODomainController><![CDATA[WIN-KSMP2NDOJD1.bruh.local]]></GPODomainController><BackupTime><![CDATA[2020-06-07T21:53:57]]></BackupTime><ID><![CDATA[{3713DA64-2BAF-43F8-965F-D7D7B5F77AD1}]]></ID><Comment><![CDATA[]]></Comment><GPODisplayName><![CDATA[Turn Off Advertising ID]]></GPODisplayName></BackupInst>
