<BackupInst xmlns="http://www.microsoft.com/GroupPolicy/GPOOperations/Manifest"><GPOGuid><![CDATA[{A1D2A837-93B7-4FBC-8E21-F02A33BE60B6}]]></GPOGuid><GPODomain><![CDATA[bruh.local]]></GPODomain><GPODomainGuid><![CDATA[{3967d319-8d1c-4c8b-ab5e-261385f8ebe4}]]></GPODomainGuid><GPODomainController><![CDATA[WIN-KSMP2NDOJD1.bruh.local]]></GPODomainController><BackupTime><![CDATA[2020-06-07T21:53:55]]></BackupTime><ID><![CDATA[{DB5CEF01-F5E8-4885-BC43-48198021F64A}]]></ID><Comment><![CDATA[]]></Comment><GPODisplayName><![CDATA[Ensure NTP Client is on]]></GPODisplayName></BackupInst>
