<BackupInst xmlns="http://www.microsoft.com/GroupPolicy/GPOOperations/Manifest"><GPOGuid><![CDATA[{F5DE374B-6234-4C20-AD8C-3618B4BF234D}]]></GPOGuid><GPODomain><![CDATA[bruh.local]]></GPODomain><GPODomainGuid><![CDATA[{3967d319-8d1c-4c8b-ab5e-261385f8ebe4}]]></GPODomainGuid><GPODomainController><![CDATA[WIN-KSMP2NDOJD1.bruh.local]]></GPODomainController><BackupTime><![CDATA[2020-06-07T21:53:56]]></BackupTime><ID><![CDATA[{886E0C98-6D25-446C-BE91-7659A9CB4DA0}]]></ID><Comment><![CDATA[]]></Comment><GPODisplayName><![CDATA[Security Options - Audit]]></GPODisplayName></BackupInst>
