<BackupInst xmlns="http://www.microsoft.com/GroupPolicy/GPOOperations/Manifest"><GPOGuid><![CDATA[{86D72FC5-A1EE-4386-923A-891E610971F0}]]></GPOGuid><GPODomain><![CDATA[bruh.local]]></GPODomain><GPODomainGuid><![CDATA[{3967d319-8d1c-4c8b-ab5e-261385f8ebe4}]]></GPODomainGuid><GPODomainController><![CDATA[WIN-KSMP2NDOJD1.bruh.local]]></GPODomainController><BackupTime><![CDATA[2020-06-07T21:53:54]]></BackupTime><ID><![CDATA[{A1DA282F-98E5-42AF-8F37-CE05FCC073EE}]]></ID><Comment><![CDATA[]]></Comment><GPODisplayName><![CDATA[Disable Online Tips and Spech Recognition Services]]></GPODisplayName></BackupInst>
