<BackupInst xmlns="http://www.microsoft.com/GroupPolicy/GPOOperations/Manifest"><GPOGuid><![CDATA[{3DFFD40E-B0A0-437A-B1AD-029F4B1091E1}]]></GPOGuid><GPODomain><![CDATA[bruh.local]]></GPODomain><GPODomainGuid><![CDATA[{3967d319-8d1c-4c8b-ab5e-261385f8ebe4}]]></GPODomainGuid><GPODomainController><![CDATA[WIN-KSMP2NDOJD1.bruh.local]]></GPODomainController><BackupTime><![CDATA[2020-06-07T21:53:58]]></BackupTime><ID><![CDATA[{A61534A5-F93B-4D7C-9914-974FA1983CA7}]]></ID><Comment><![CDATA[]]></Comment><GPODisplayName><![CDATA[Virtualization Based Security]]></GPODisplayName></BackupInst>
