<BackupInst xmlns="http://www.microsoft.com/GroupPolicy/GPOOperations/Manifest"><GPOGuid><![CDATA[{F4A3E858-8CAB-4AD2-B0BA-A38CC1B075C7}]]></GPOGuid><GPODomain><![CDATA[bruh.local]]></GPODomain><GPODomainGuid><![CDATA[{3967d319-8d1c-4c8b-ab5e-261385f8ebe4}]]></GPODomainGuid><GPODomainController><![CDATA[WIN-KSMP2NDOJD1.bruh.local]]></GPODomainController><BackupTime><![CDATA[2020-06-07T21:53:54]]></BackupTime><ID><![CDATA[{0510A174-514F-4FEE-BEF1-382CB3F5B697}]]></ID><Comment><![CDATA[]]></Comment><GPODisplayName><![CDATA[Disallow Removeable Media Drives]]></GPODisplayName></BackupInst>
