<BackupInst xmlns="http://www.microsoft.com/GroupPolicy/GPOOperations/Manifest"><GPOGuid><![CDATA[{50076115-F96E-4F38-980C-C8A33006A32E}]]></GPOGuid><GPODomain><![CDATA[bruh.local]]></GPODomain><GPODomainGuid><![CDATA[{3967d319-8d1c-4c8b-ab5e-261385f8ebe4}]]></GPODomainGuid><GPODomainController><![CDATA[WIN-KSMP2NDOJD1.bruh.local]]></GPODomainController><BackupTime><![CDATA[2020-06-07T21:53:54]]></BackupTime><ID><![CDATA[{698C42C5-5044-4CF6-9E95-E3D11F90F9D0}]]></ID><Comment><![CDATA[]]></Comment><GPODisplayName><![CDATA[Disable Windows Connect Now]]></GPODisplayName></BackupInst>
