<BackupInst xmlns="http://www.microsoft.com/GroupPolicy/GPOOperations/Manifest"><GPOGuid><![CDATA[{1F1E0254-92F8-4A63-9556-657105452D99}]]></GPOGuid><GPODomain><![CDATA[bruh.local]]></GPODomain><GPODomainGuid><![CDATA[{3967d319-8d1c-4c8b-ab5e-261385f8ebe4}]]></GPODomainGuid><GPODomainController><![CDATA[WIN-KSMP2NDOJD1.bruh.local]]></GPODomainController><BackupTime><![CDATA[2020-06-07T21:53:54]]></BackupTime><ID><![CDATA[{2876BBD2-76DD-4227-A89F-FBDDF8F59C7F}]]></ID><Comment><![CDATA[]]></Comment><GPODisplayName><![CDATA[Enable Enhanced Anti-Spoofing]]></GPODisplayName></BackupInst>
