<Backups xmlns="http://www.microsoft.com/GroupPolicy/GPOOperations/Manifest" xmlns:mfst="http://www.microsoft.com/GroupPolicy/GPOOperations/Manifest" mfst:version="1.0"><BackupInst><GPOGuid><![CDATA[{3DFFD40E-B0A0-437A-B1AD-029F4B1091E1}]]></GPOGuid><GPODomain><![CDATA[bruh.local]]></GPODomain><GPODomainGuid><![CDATA[{3967d319-8d1c-4c8b-ab5e-261385f8ebe4}]]></GPODomainGuid><GPODomainController><![CDATA[WIN-KSMP2NDOJD1.bruh.local]]></GPODomainController><BackupTime><![CDATA[2020-06-07T21:53:58]]></BackupTime><ID><![CDATA[{A61534A5-F93B-4D7C-9914-974FA1983CA7}]]></ID><Comment><![CDATA[]]></Comment><GPODisplayName><![CDATA[Virtualization Based Security]]></GPODisplayName></BackupInst><BackupInst><GPOGuid><![CDATA[{837177F5-08C3-474A-8226-80A1A1CC28B5}]]></GPOGuid><GPODomain><![CDATA[bruh.local]]></GPODomain><GPODomainGuid><![CDATA[{3967d319-8d1c-4c8b-ab5e-261385f8ebe4}]]></GPODomainGuid><GPODomainController><![CDATA[WIN-KSMP2NDOJD1.bruh.local]]></GPODomainController><BackupTime><![CDATA[2020-06-07T21:53:58]]></BackupTime><ID><![CDATA[{A4B53E13-92D5-4364-AB07-BD7AF932AA5D}]]></ID><Comment><![CDATA[]]></Comment><GPODisplayName><![CDATA[User Rights Assignment]]></GPODisplayName></BackupInst><BackupInst><GPOGuid><![CDATA[{3CD82ED7-5611-4913-88C6-46BCD5D7C538}]]></GPOGuid><GPODomain><![CDATA[bruh.local]]></GPODomain><GPODomainGuid><![CDATA[{3967d319-8d1c-4c8b-ab5e-261385f8ebe4}]]></GPODomainGuid><GPODomainController><![CDATA[WIN-KSMP2NDOJD1.bruh.local]]></GPODomainController><BackupTime><![CDATA[2020-06-07T21:53:58]]></BackupTime><ID><![CDATA[{C36BC3E8-8693-488C-BEAF-FF7B41A32D73}]]></ID><Comment><![CDATA[]]></Comment><GPODisplayName><![CDATA[Turn off Notifications Network Usage]]></GPODisplayName></BackupInst><BackupInst><GPOGuid><![CDATA[{49753193-1040-458C-8997-1BA903322E84}]]></GPOGuid><GPODomain><![CDATA[bruh.local]]></GPODomain><GPODomainGuid><![CDATA[{3967d319-8d1c-4c8b-ab5e-261385f8ebe4}]]></GPODomainGuid><GPODomainController><![CDATA[WIN-KSMP2NDOJD1.bruh.local]]></GPODomainController><BackupTime><![CDATA[2020-06-07T21:53:58]]></BackupTime><ID><![CDATA[{02648969-6453-4DF3-A2E0-DB0A0A9BA7C2}]]></ID><Comment><![CDATA[]]></Comment><GPODisplayName><![CDATA[Turn Off Multicast Name Resolution]]></GPODisplayName></BackupInst><BackupInst><GPOGuid><![CDATA[{380B0E7E-0ADE-467E-9323-42FD898CEC01}]]></GPOGuid><GPODomain><![CDATA[bruh.local]]></GPODomain><GPODomainGuid><![CDATA[{3967d319-8d1c-4c8b-ab5e-261385f8ebe4}]]></GPODomainGuid><GPODomainController><![CDATA[WIN-KSMP2NDOJD1.bruh.local]]></GPODomainController><BackupTime><![CDATA[2020-06-07T21:53:58]]></BackupTime><ID><![CDATA[{B81632F8-E8F5-4EA6-AD3A-C60BBB745D5C}]]></ID><Comment><![CDATA[]]></Comment><GPODisplayName><![CDATA[Turn off Microsoft Peer-to-Peer Networking Services]]></GPODisplayName></BackupInst><BackupInst><GPOGuid><![CDATA[{F2B25632-6B42-4E0A-9F28-AF5ACBDE3DF4}]]></GPOGuid><GPODomain><![CDATA[bruh.local]]></GPODomain><GPODomainGuid><![CDATA[{3967d319-8d1c-4c8b-ab5e-261385f8ebe4}]]></GPODomainGuid><GPODomainController><![CDATA[WIN-KSMP2NDOJD1.bruh.local]]></GPODomainController><BackupTime><![CDATA[2020-06-07T21:53:58]]></BackupTime><ID><![CDATA[{A1B14C53-0D4A-4F70-AB46-2B5650DF10FF}]]></ID><Comment><![CDATA[]]></Comment><GPODisplayName><![CDATA[Turn Off Microsoft Consumer Experiences]]></GPODisplayName></BackupInst><BackupInst><GPOGuid><![CDATA[{00560D71-4D51-42B6-AB06-031AE8D44045}]]></GPOGuid><GPODomain><![CDATA[bruh.local]]></GPODomain><GPODomainGuid><![CDATA[{3967d319-8d1c-4c8b-ab5e-261385f8ebe4}]]></GPODomainGuid><GPODomainController><![CDATA[WIN-KSMP2NDOJD1.bruh.local]]></GPODomainController><BackupTime><![CDATA[2020-06-07T21:53:58]]></BackupTime><ID><![CDATA[{442224AE-FE68-4D4C-8ABD-8C3A7C553C38}]]></ID><Comment><![CDATA[]]></Comment><GPODisplayName><![CDATA[Turn Off Mapper I/O and Responder Drivers]]></GPODisplayName></BackupInst><BackupInst><GPOGuid><![CDATA[{312C86AE-06C5-41E1-8EAE-E60C79D80CDD}]]></GPOGuid><GPODomain><![CDATA[bruh.local]]></GPODomain><GPODomainGuid><![CDATA[{3967d319-8d1c-4c8b-ab5e-261385f8ebe4}]]></GPODomainGuid><GPODomainController><![CDATA[WIN-KSMP2NDOJD1.bruh.local]]></GPODomainController><BackupTime><![CDATA[2020-06-07T21:53:58]]></BackupTime><ID><![CDATA[{0E95DAD9-61DE-4CA0-819C-E782683BD777}]]></ID><Comment><![CDATA[]]></Comment><GPODisplayName><![CDATA[Turn Off Lock Screen Notifications]]></GPODisplayName></BackupInst><BackupInst><GPOGuid><![CDATA[{44645A41-E085-4B30-8005-30129B308C40}]]></GPOGuid><GPODomain><![CDATA[bruh.local]]></GPODomain><GPODomainGuid><![CDATA[{3967d319-8d1c-4c8b-ab5e-261385f8ebe4}]]></GPODomainGuid><GPODomainController><![CDATA[WIN-KSMP2NDOJD1.bruh.local]]></GPODomainController><BackupTime><![CDATA[2020-06-07T21:53:58]]></BackupTime><ID><![CDATA[{00119972-D898-48E0-AB1C-57C33070DB06}]]></ID><Comment><![CDATA[]]></Comment><GPODisplayName><![CDATA[Turn Off Location]]></GPODisplayName></BackupInst><BackupInst><GPOGuid><![CDATA[{FCA1F643-E43D-4345-9C73-FA46C36184E0}]]></GPOGuid><GPODomain><![CDATA[bruh.local]]></GPODomain><GPODomainGuid><![CDATA[{3967d319-8d1c-4c8b-ab5e-261385f8ebe4}]]></GPODomainGuid><GPODomainController><![CDATA[WIN-KSMP2NDOJD1.bruh.local]]></GPODomainController><BackupTime><![CDATA[2020-06-07T21:53:57]]></BackupTime><ID><![CDATA[{E0AF4663-A7DF-45FA-9101-F0D42BFBC032}]]></ID><Comment><![CDATA[]]></Comment><GPODisplayName><![CDATA[Turn Off Autoplay]]></GPODisplayName></BackupInst><BackupInst><GPOGuid><![CDATA[{A9C14B7A-5F03-4F8B-84F9-108E218F7D72}]]></GPOGuid><GPODomain><![CDATA[bruh.local]]></GPODomain><GPODomainGuid><![CDATA[{3967d319-8d1c-4c8b-ab5e-261385f8ebe4}]]></GPODomainGuid><GPODomainController><![CDATA[WIN-KSMP2NDOJD1.bruh.local]]></GPODomainController><BackupTime><![CDATA[2020-06-07T21:53:57]]></BackupTime><ID><![CDATA[{3713DA64-2BAF-43F8-965F-D7D7B5F77AD1}]]></ID><Comment><![CDATA[]]></Comment><GPODisplayName><![CDATA[Turn Off Advertising ID]]></GPODisplayName></BackupInst><BackupInst><GPOGuid><![CDATA[{2203BFFF-86D0-40B6-A1C1-5FD51C7959D5}]]></GPOGuid><GPODomain><![CDATA[bruh.local]]></GPODomain><GPODomainGuid><![CDATA[{3967d319-8d1c-4c8b-ab5e-261385f8ebe4}]]></GPODomainGuid><GPODomainController><![CDATA[WIN-KSMP2NDOJD1.bruh.local]]></GPODomainController><BackupTime><![CDATA[2020-06-07T21:53:57]]></BackupTime><ID><![CDATA[{C10927A5-7D44-4CBF-85F6-F25F4693C2C4}]]></ID><Comment><![CDATA[]]></Comment><GPODisplayName><![CDATA[Support Device Authentication Using Cetificate]]></GPODisplayName></BackupInst><BackupInst><GPOGuid><![CDATA[{DEF254DD-3004-445F-BB41-E34FA13F6483}]]></GPOGuid><GPODomain><![CDATA[bruh.local]]></GPODomain><GPODomainGuid><![CDATA[{3967d319-8d1c-4c8b-ab5e-261385f8ebe4}]]></GPODomainGuid><GPODomainController><![CDATA[WIN-KSMP2NDOJD1.bruh.local]]></GPODomainController><BackupTime><![CDATA[2020-06-07T21:53:57]]></BackupTime><ID><![CDATA[{B036927C-8126-450A-BE58-CB4AEBFA45AD}]]></ID><Comment><![CDATA[]]></Comment><GPODisplayName><![CDATA[Security Options - UAC]]></GPODisplayName></BackupInst><BackupInst><GPOGuid><![CDATA[{8D3C5838-DF4B-4F47-B959-3ABC2FEE2BC6}]]></GPOGuid><GPODomain><![CDATA[bruh.local]]></GPODomain><GPODomainGuid><![CDATA[{3967d319-8d1c-4c8b-ab5e-261385f8ebe4}]]></GPODomainGuid><GPODomainController><![CDATA[WIN-KSMP2NDOJD1.bruh.local]]></GPODomainController><BackupTime><![CDATA[2020-06-07T21:53:57]]></BackupTime><ID><![CDATA[{DF290A72-ED3C-47CA-977F-74CEEDA47C5B}]]></ID><Comment><![CDATA[]]></Comment><GPODisplayName><![CDATA[Security Options - Shutdown (Disallow system to be shutdown without logon)]]></GPODisplayName></BackupInst><BackupInst><GPOGuid><![CDATA[{05AF1763-3AC1-43E1-B328-8C96B6EB4995}]]></GPOGuid><GPODomain><![CDATA[bruh.local]]></GPODomain><GPODomainGuid><![CDATA[{3967d319-8d1c-4c8b-ab5e-261385f8ebe4}]]></GPODomainGuid><GPODomainController><![CDATA[WIN-KSMP2NDOJD1.bruh.local]]></GPODomainController><BackupTime><![CDATA[2020-06-07T21:53:57]]></BackupTime><ID><![CDATA[{58AC5562-59DA-4090-9710-C83AECDCBDD8}]]></ID><Comment><![CDATA[]]></Comment><GPODisplayName><![CDATA[Security Options - Network Security]]></GPODisplayName></BackupInst><BackupInst><GPOGuid><![CDATA[{8AB94DC9-12F7-4F67-9ADF-A4647FEEBC45}]]></GPOGuid><GPODomain><![CDATA[bruh.local]]></GPODomain><GPODomainGuid><![CDATA[{3967d319-8d1c-4c8b-ab5e-261385f8ebe4}]]></GPODomainGuid><GPODomainController><![CDATA[WIN-KSMP2NDOJD1.bruh.local]]></GPODomainController><BackupTime><![CDATA[2020-06-07T21:53:57]]></BackupTime><ID><![CDATA[{235C123C-92C6-4F04-B09B-98EFF874FC23}]]></ID><Comment><![CDATA[]]></Comment><GPODisplayName><![CDATA[Security Options - Network Access_]]></GPODisplayName></BackupInst><BackupInst><GPOGuid><![CDATA[{C3556230-06F2-4FCF-859D-4B4702D9EBAD}]]></GPOGuid><GPODomain><![CDATA[bruh.local]]></GPODomain><GPODomainGuid><![CDATA[{3967d319-8d1c-4c8b-ab5e-261385f8ebe4}]]></GPODomainGuid><GPODomainController><![CDATA[WIN-KSMP2NDOJD1.bruh.local]]></GPODomainController><BackupTime><![CDATA[2020-06-07T21:53:57]]></BackupTime><ID><![CDATA[{8F9C3650-D24F-4C90-AC32-3AB66D409632}]]></ID><Comment><![CDATA[]]></Comment><GPODisplayName><![CDATA[Security Options - Network access]]></GPODisplayName></BackupInst><BackupInst><GPOGuid><![CDATA[{3F0BABE1-DF3A-4A93-B5AF-512917D58819}]]></GPOGuid><GPODomain><![CDATA[bruh.local]]></GPODomain><GPODomainGuid><![CDATA[{3967d319-8d1c-4c8b-ab5e-261385f8ebe4}]]></GPODomainGuid><GPODomainController><![CDATA[WIN-KSMP2NDOJD1.bruh.local]]></GPODomainController><BackupTime><![CDATA[2020-06-07T21:53:57]]></BackupTime><ID><![CDATA[{C62566C2-3BCA-49BC-BC0D-02689E4F7CD2}]]></ID><Comment><![CDATA[]]></Comment><GPODisplayName><![CDATA[Security Options - Microsoft Network Server]]></GPODisplayName></BackupInst><BackupInst><GPOGuid><![CDATA[{5A0E1E9E-E27C-4D2A-B3B5-CD9A59E3EE30}]]></GPOGuid><GPODomain><![CDATA[bruh.local]]></GPODomain><GPODomainGuid><![CDATA[{3967d319-8d1c-4c8b-ab5e-261385f8ebe4}]]></GPODomainGuid><GPODomainController><![CDATA[WIN-KSMP2NDOJD1.bruh.local]]></GPODomainController><BackupTime><![CDATA[2020-06-07T21:53:57]]></BackupTime><ID><![CDATA[{130FE1ED-6CE7-4A84-A3C3-B7C7F260999C}]]></ID><Comment><![CDATA[]]></Comment><GPODisplayName><![CDATA[Security Options - Microsoft Network Client]]></GPODisplayName></BackupInst><BackupInst><GPOGuid><![CDATA[{5F56B960-7080-4326-AAB0-7C026B322D5F}]]></GPOGuid><GPODomain><![CDATA[bruh.local]]></GPODomain><GPODomainGuid><![CDATA[{3967d319-8d1c-4c8b-ab5e-261385f8ebe4}]]></GPODomainGuid><GPODomainController><![CDATA[WIN-KSMP2NDOJD1.bruh.local]]></GPODomainController><BackupTime><![CDATA[2020-06-07T21:53:57]]></BackupTime><ID><![CDATA[{00FA1F89-3AF5-4819-904C-CC9D979871B0}]]></ID><Comment><![CDATA[]]></Comment><GPODisplayName><![CDATA[Security Options - Interactive Logon]]></GPODisplayName></BackupInst><BackupInst><GPOGuid><![CDATA[{B32E9D85-CC27-4463-85AB-6346A56661ED}]]></GPOGuid><GPODomain><![CDATA[bruh.local]]></GPODomain><GPODomainGuid><![CDATA[{3967d319-8d1c-4c8b-ab5e-261385f8ebe4}]]></GPODomainGuid><GPODomainController><![CDATA[WIN-KSMP2NDOJD1.bruh.local]]></GPODomainController><BackupTime><![CDATA[2020-06-07T21:53:56]]></BackupTime><ID><![CDATA[{5779F90E-1401-4F36-99AC-3A46BF4EB89D}]]></ID><Comment><![CDATA[]]></Comment><GPODisplayName><![CDATA[Security Options - Domain Member]]></GPODisplayName></BackupInst><BackupInst><GPOGuid><![CDATA[{CB038533-CCC7-4CA4-A2E9-DA51D1901C13}]]></GPOGuid><GPODomain><![CDATA[bruh.local]]></GPODomain><GPODomainGuid><![CDATA[{3967d319-8d1c-4c8b-ab5e-261385f8ebe4}]]></GPODomainGuid><GPODomainController><![CDATA[WIN-KSMP2NDOJD1.bruh.local]]></GPODomainController><BackupTime><![CDATA[2020-06-07T21:53:56]]></BackupTime><ID><![CDATA[{35291E27-B35B-4A6F-91EF-15D6739CDC9D}]]></ID><Comment><![CDATA[]]></Comment><GPODisplayName><![CDATA[Security Options - Domain Contoller]]></GPODisplayName></BackupInst><BackupInst><GPOGuid><![CDATA[{67CC5346-2BAE-42E1-9FA8-434BB01DBA7F}]]></GPOGuid><GPODomain><![CDATA[bruh.local]]></GPODomain><GPODomainGuid><![CDATA[{3967d319-8d1c-4c8b-ab5e-261385f8ebe4}]]></GPODomainGuid><GPODomainController><![CDATA[WIN-KSMP2NDOJD1.bruh.local]]></GPODomainController><BackupTime><![CDATA[2020-06-07T21:53:56]]></BackupTime><ID><![CDATA[{4ACA3D80-E59D-4E46-AE66-5D573218D0E2}]]></ID><Comment><![CDATA[]]></Comment><GPODisplayName><![CDATA[Security Options - Devices]]></GPODisplayName></BackupInst><BackupInst><GPOGuid><![CDATA[{F5DE374B-6234-4C20-AD8C-3618B4BF234D}]]></GPOGuid><GPODomain><![CDATA[bruh.local]]></GPODomain><GPODomainGuid><![CDATA[{3967d319-8d1c-4c8b-ab5e-261385f8ebe4}]]></GPODomainGuid><GPODomainController><![CDATA[WIN-KSMP2NDOJD1.bruh.local]]></GPODomainController><BackupTime><![CDATA[2020-06-07T21:53:56]]></BackupTime><ID><![CDATA[{886E0C98-6D25-446C-BE91-7659A9CB4DA0}]]></ID><Comment><![CDATA[]]></Comment><GPODisplayName><![CDATA[Security Options - Audit]]></GPODisplayName></BackupInst><BackupInst><GPOGuid><![CDATA[{BF05449A-4F97-4D6A-AF1D-F628ADAB865E}]]></GPOGuid><GPODomain><![CDATA[bruh.local]]></GPODomain><GPODomainGuid><![CDATA[{3967d319-8d1c-4c8b-ab5e-261385f8ebe4}]]></GPODomainGuid><GPODomainController><![CDATA[WIN-KSMP2NDOJD1.bruh.local]]></GPODomainController><BackupTime><![CDATA[2020-06-07T21:53:56]]></BackupTime><ID><![CDATA[{D84E2ECB-8564-496D-95BA-AEC7B4CD67B4}]]></ID><Comment><![CDATA[]]></Comment><GPODisplayName><![CDATA[Security Options - Accounts]]></GPODisplayName></BackupInst><BackupInst><GPOGuid><![CDATA[{199C98BC-BE87-4112-9BB4-EA0FF3B2E562}]]></GPOGuid><GPODomain><![CDATA[bruh.local]]></GPODomain><GPODomainGuid><![CDATA[{3967d319-8d1c-4c8b-ab5e-261385f8ebe4}]]></GPODomainGuid><GPODomainController><![CDATA[WIN-KSMP2NDOJD1.bruh.local]]></GPODomainController><BackupTime><![CDATA[2020-06-07T21:53:56]]></BackupTime><ID><![CDATA[{502996CC-7F12-469B-88C7-B3AE0DDD7B52}]]></ID><Comment><![CDATA[]]></Comment><GPODisplayName><![CDATA[Security Objects - Sytem Objects]]></GPODisplayName></BackupInst><BackupInst><GPOGuid><![CDATA[{317AC007-C5F4-47EB-A06B-05B9E749A727}]]></GPOGuid><GPODomain><![CDATA[bruh.local]]></GPODomain><GPODomainGuid><![CDATA[{3967d319-8d1c-4c8b-ab5e-261385f8ebe4}]]></GPODomainGuid><GPODomainController><![CDATA[WIN-KSMP2NDOJD1.bruh.local]]></GPODomainController><BackupTime><![CDATA[2020-06-07T21:53:56]]></BackupTime><ID><![CDATA[{AAA90628-EA59-4E9B-B406-D96805BE5023}]]></ID><Comment><![CDATA[]]></Comment><GPODisplayName><![CDATA[Screen Saver Policy]]></GPODisplayName></BackupInst><BackupInst><GPOGuid><![CDATA[{52EDD690-697A-4EAF-83D6-3616F017C19B}]]></GPOGuid><GPODomain><![CDATA[bruh.local]]></GPODomain><GPODomainGuid><![CDATA[{3967d319-8d1c-4c8b-ab5e-261385f8ebe4}]]></GPODomainGuid><GPODomainController><![CDATA[WIN-KSMP2NDOJD1.bruh.local]]></GPODomainController><BackupTime><![CDATA[2020-06-07T21:53:56]]></BackupTime><ID><![CDATA[{38FCF549-8B4E-4E15-8B63-7FFC57568B11}]]></ID><Comment><![CDATA[]]></Comment><GPODisplayName><![CDATA[RPC Authentication]]></GPODisplayName></BackupInst><BackupInst><GPOGuid><![CDATA[{461D8FA0-98DA-4913-8856-6053441A2DEE}]]></GPOGuid><GPODomain><![CDATA[bruh.local]]></GPODomain><GPODomainGuid><![CDATA[{3967d319-8d1c-4c8b-ab5e-261385f8ebe4}]]></GPODomainGuid><GPODomainController><![CDATA[WIN-KSMP2NDOJD1.bruh.local]]></GPODomainController><BackupTime><![CDATA[2020-06-07T21:53:56]]></BackupTime><ID><![CDATA[{ECC95931-FD8F-48E6-87B3-BDCE23AAC5CC}]]></ID><Comment><![CDATA[]]></Comment><GPODisplayName><![CDATA[Restrict Software Installations]]></GPODisplayName></BackupInst><BackupInst><GPOGuid><![CDATA[{2BD1A09D-CC15-4956-A08E-F3960D8D968B}]]></GPOGuid><GPODomain><![CDATA[bruh.local]]></GPODomain><GPODomainGuid><![CDATA[{3967d319-8d1c-4c8b-ab5e-261385f8ebe4}]]></GPODomainGuid><GPODomainController><![CDATA[WIN-KSMP2NDOJD1.bruh.local]]></GPODomainController><BackupTime><![CDATA[2020-06-07T21:53:56]]></BackupTime><ID><![CDATA[{AFF39028-5000-4BBA-8218-F92EF5F1E81B}]]></ID><Comment><![CDATA[]]></Comment><GPODisplayName><![CDATA[Remove Domain Users from Local Administrator Group]]></GPODisplayName></BackupInst><BackupInst><GPOGuid><![CDATA[{283C85BB-53A8-48A0-AE99-11EE7CBF8F54}]]></GPOGuid><GPODomain><![CDATA[bruh.local]]></GPODomain><GPODomainGuid><![CDATA[{3967d319-8d1c-4c8b-ab5e-261385f8ebe4}]]></GPODomainGuid><GPODomainController><![CDATA[WIN-KSMP2NDOJD1.bruh.local]]></GPODomainController><BackupTime><![CDATA[2020-06-07T21:53:56]]></BackupTime><ID><![CDATA[{C173B685-1BF8-4D25-92D9-6D849F0E78FF}]]></ID><Comment><![CDATA[]]></Comment><GPODisplayName><![CDATA[Remote Desktop Settings]]></GPODisplayName></BackupInst><BackupInst><GPOGuid><![CDATA[{6EEE7FE5-638E-41BF-AF08-35D373FECCC9}]]></GPOGuid><GPODomain><![CDATA[bruh.local]]></GPODomain><GPODomainGuid><![CDATA[{3967d319-8d1c-4c8b-ab5e-261385f8ebe4}]]></GPODomainGuid><GPODomainController><![CDATA[WIN-KSMP2NDOJD1.bruh.local]]></GPODomainController><BackupTime><![CDATA[2020-06-07T21:53:56]]></BackupTime><ID><![CDATA[{57D1DA32-967D-4F36-AE8D-4C9C5591A87C}]]></ID><Comment><![CDATA[]]></Comment><GPODisplayName><![CDATA[Remote Assistance Settings]]></GPODisplayName></BackupInst><BackupInst><GPOGuid><![CDATA[{9AE4192B-858E-4FE9-B721-5DB117621952}]]></GPOGuid><GPODomain><![CDATA[bruh.local]]></GPODomain><GPODomainGuid><![CDATA[{3967d319-8d1c-4c8b-ab5e-261385f8ebe4}]]></GPODomainGuid><GPODomainController><![CDATA[WIN-KSMP2NDOJD1.bruh.local]]></GPODomainController><BackupTime><![CDATA[2020-06-07T21:53:55]]></BackupTime><ID><![CDATA[{64A599C6-3912-4B2A-9303-38D542BB7095}]]></ID><Comment><![CDATA[]]></Comment><GPODisplayName><![CDATA[Prohibit Control Panel Access]]></GPODisplayName></BackupInst><BackupInst><GPOGuid><![CDATA[{5A313501-275B-4168-9156-707F2618BA2E}]]></GPOGuid><GPODomain><![CDATA[bruh.local]]></GPODomain><GPODomainGuid><![CDATA[{3967d319-8d1c-4c8b-ab5e-261385f8ebe4}]]></GPODomainGuid><GPODomainController><![CDATA[WIN-KSMP2NDOJD1.bruh.local]]></GPODomainController><BackupTime><![CDATA[2020-06-07T21:53:55]]></BackupTime><ID><![CDATA[{E8998DB9-FB2B-49BD-8C92-D0707EFECC2B}]]></ID><Comment><![CDATA[]]></Comment><GPODisplayName><![CDATA[Prevent Users From Sharing Files Within Their Profile]]></GPODisplayName></BackupInst><BackupInst><GPOGuid><![CDATA[{32F444A4-D8CE-4EE8-B822-1471896C1A71}]]></GPOGuid><GPODomain><![CDATA[bruh.local]]></GPODomain><GPODomainGuid><![CDATA[{3967d319-8d1c-4c8b-ab5e-261385f8ebe4}]]></GPODomainGuid><GPODomainController><![CDATA[WIN-KSMP2NDOJD1.bruh.local]]></GPODomainController><BackupTime><![CDATA[2020-06-07T21:53:55]]></BackupTime><ID><![CDATA[{124EA65B-E62E-49FE-87CE-6EAAEC980E23}]]></ID><Comment><![CDATA[]]></Comment><GPODisplayName><![CDATA[Prevent Lock Screen Camera and Slideshow]]></GPODisplayName></BackupInst><BackupInst><GPOGuid><![CDATA[{288D86BE-5E84-4ACC-8267-FEB7E2BD029A}]]></GPOGuid><GPODomain><![CDATA[bruh.local]]></GPODomain><GPODomainGuid><![CDATA[{3967d319-8d1c-4c8b-ab5e-261385f8ebe4}]]></GPODomainGuid><GPODomainController><![CDATA[WIN-KSMP2NDOJD1.bruh.local]]></GPODomainController><BackupTime><![CDATA[2020-06-07T21:53:55]]></BackupTime><ID><![CDATA[{E66C5150-11D7-4555-B85E-C0546FB2F94C}]]></ID><Comment><![CDATA[]]></Comment><GPODisplayName><![CDATA[Prevent Access to Regedit]]></GPODisplayName></BackupInst><BackupInst><GPOGuid><![CDATA[{C253F1DB-56B3-4F15-B975-541825A80AFA}]]></GPOGuid><GPODomain><![CDATA[bruh.local]]></GPODomain><GPODomainGuid><![CDATA[{3967d319-8d1c-4c8b-ab5e-261385f8ebe4}]]></GPODomainGuid><GPODomainController><![CDATA[WIN-KSMP2NDOJD1.bruh.local]]></GPODomainController><BackupTime><![CDATA[2020-06-07T21:53:55]]></BackupTime><ID><![CDATA[{547F29E8-C67B-4C42-9360-9E6BF5252587}]]></ID><Comment><![CDATA[]]></Comment><GPODisplayName><![CDATA[Prevent Access to Command Prompt]]></GPODisplayName></BackupInst><BackupInst><GPOGuid><![CDATA[{0984741D-F8E5-459E-9D03-9DBDB56992E7}]]></GPOGuid><GPODomain><![CDATA[bruh.local]]></GPODomain><GPODomainGuid><![CDATA[{3967d319-8d1c-4c8b-ab5e-261385f8ebe4}]]></GPODomainGuid><GPODomainController><![CDATA[WIN-KSMP2NDOJD1.bruh.local]]></GPODomainController><BackupTime><![CDATA[2020-06-07T21:53:55]]></BackupTime><ID><![CDATA[{C2ECA317-9813-401C-899F-979E2A030A32}]]></ID><Comment><![CDATA[]]></Comment><GPODisplayName><![CDATA[Power/Sleep Settings]]></GPODisplayName></BackupInst><BackupInst><GPOGuid><![CDATA[{623FFD68-6EEE-4B44-A53B-2483F872C600}]]></GPOGuid><GPODomain><![CDATA[bruh.local]]></GPODomain><GPODomainGuid><![CDATA[{3967d319-8d1c-4c8b-ab5e-261385f8ebe4}]]></GPODomainGuid><GPODomainController><![CDATA[WIN-KSMP2NDOJD1.bruh.local]]></GPODomainController><BackupTime><![CDATA[2020-06-07T21:53:55]]></BackupTime><ID><![CDATA[{311FC6FC-E808-4AFC-A9CA-D154024D2C08}]]></ID><Comment><![CDATA[]]></Comment><GPODisplayName><![CDATA[Password Policy]]></GPODisplayName></BackupInst><BackupInst><GPOGuid><![CDATA[{AC0DA446-8489-42C9-A353-DD941FB86E67}]]></GPOGuid><GPODomain><![CDATA[bruh.local]]></GPODomain><GPODomainGuid><![CDATA[{3967d319-8d1c-4c8b-ab5e-261385f8ebe4}]]></GPODomainGuid><GPODomainController><![CDATA[WIN-KSMP2NDOJD1.bruh.local]]></GPODomainController><BackupTime><![CDATA[2020-06-07T21:53:55]]></BackupTime><ID><![CDATA[{4DB26FE1-E6E7-4224-AF2B-B606CD20AD25}]]></ID><Comment><![CDATA[]]></Comment><GPODisplayName><![CDATA[Login Settings]]></GPODisplayName></BackupInst><BackupInst><GPOGuid><![CDATA[{9CEDFF5A-E372-4014-AEE8-FDDB4BCD017A}]]></GPOGuid><GPODomain><![CDATA[bruh.local]]></GPODomain><GPODomainGuid><![CDATA[{3967d319-8d1c-4c8b-ab5e-261385f8ebe4}]]></GPODomainGuid><GPODomainController><![CDATA[WIN-KSMP2NDOJD1.bruh.local]]></GPODomainController><BackupTime><![CDATA[2020-06-07T21:53:55]]></BackupTime><ID><![CDATA[{371993B5-DD0F-43F7-A315-1C587453D1AA}]]></ID><Comment><![CDATA[]]></Comment><GPODisplayName><![CDATA[Internet Communication Settings]]></GPODisplayName></BackupInst><BackupInst><GPOGuid><![CDATA[{0473B089-3CFF-4CE5-A296-AA7D8FC6CEE4}]]></GPOGuid><GPODomain><![CDATA[bruh.local]]></GPODomain><GPODomainGuid><![CDATA[{3967d319-8d1c-4c8b-ab5e-261385f8ebe4}]]></GPODomainGuid><GPODomainController><![CDATA[WIN-KSMP2NDOJD1.bruh.local]]></GPODomainController><BackupTime><![CDATA[2020-06-07T21:53:55]]></BackupTime><ID><![CDATA[{7968B40A-00CB-4A5D-AC63-27BC27F07E64}]]></ID><Comment><![CDATA[]]></Comment><GPODisplayName><![CDATA[Ensure Windows Defender is Enabled]]></GPODisplayName></BackupInst><BackupInst><GPOGuid><![CDATA[{A1D2A837-93B7-4FBC-8E21-F02A33BE60B6}]]></GPOGuid><GPODomain><![CDATA[bruh.local]]></GPODomain><GPODomainGuid><![CDATA[{3967d319-8d1c-4c8b-ab5e-261385f8ebe4}]]></GPODomainGuid><GPODomainController><![CDATA[WIN-KSMP2NDOJD1.bruh.local]]></GPODomainController><BackupTime><![CDATA[2020-06-07T21:53:55]]></BackupTime><ID><![CDATA[{DB5CEF01-F5E8-4885-BC43-48198021F64A}]]></ID><Comment><![CDATA[]]></Comment><GPODisplayName><![CDATA[Ensure NTP Client is on]]></GPODisplayName></BackupInst><BackupInst><GPOGuid><![CDATA[{BA609A9F-0975-40B8-9F85-F30320AEAD6C}]]></GPOGuid><GPODomain><![CDATA[bruh.local]]></GPODomain><GPODomainGuid><![CDATA[{3967d319-8d1c-4c8b-ab5e-261385f8ebe4}]]></GPODomainGuid><GPODomainController><![CDATA[WIN-KSMP2NDOJD1.bruh.local]]></GPODomainController><BackupTime><![CDATA[2020-06-07T21:53:55]]></BackupTime><ID><![CDATA[{77C6F275-1539-4E11-936F-DBE4DCC54B4E}]]></ID><Comment><![CDATA[]]></Comment><GPODisplayName><![CDATA[Ensure Backgrond Refresh of Group Policy]]></GPODisplayName></BackupInst><BackupInst><GPOGuid><![CDATA[{EB53A606-1069-42F3-96E6-A2BEC7A1B115}]]></GPOGuid><GPODomain><![CDATA[bruh.local]]></GPODomain><GPODomainGuid><![CDATA[{3967d319-8d1c-4c8b-ab5e-261385f8ebe4}]]></GPODomainGuid><GPODomainController><![CDATA[WIN-KSMP2NDOJD1.bruh.local]]></GPODomainController><BackupTime><![CDATA[2020-06-07T21:53:54]]></BackupTime><ID><![CDATA[{22888DEE-6373-4AA7-A4BD-83D0D42015D5}]]></ID><Comment><![CDATA[]]></Comment><GPODisplayName><![CDATA[Enable Hardened UNC Paths]]></GPODisplayName></BackupInst><BackupInst><GPOGuid><![CDATA[{1F1E0254-92F8-4A63-9556-657105452D99}]]></GPOGuid><GPODomain><![CDATA[bruh.local]]></GPODomain><GPODomainGuid><![CDATA[{3967d319-8d1c-4c8b-ab5e-261385f8ebe4}]]></GPODomainGuid><GPODomainController><![CDATA[WIN-KSMP2NDOJD1.bruh.local]]></GPODomainController><BackupTime><![CDATA[2020-06-07T21:53:54]]></BackupTime><ID><![CDATA[{2876BBD2-76DD-4227-A89F-FBDDF8F59C7F}]]></ID><Comment><![CDATA[]]></Comment><GPODisplayName><![CDATA[Enable Enhanced Anti-Spoofing]]></GPODisplayName></BackupInst><BackupInst><GPOGuid><![CDATA[{178C754C-2DEB-4E9E-9881-D7185D89EA03}]]></GPOGuid><GPODomain><![CDATA[bruh.local]]></GPODomain><GPODomainGuid><![CDATA[{3967d319-8d1c-4c8b-ab5e-261385f8ebe4}]]></GPODomainGuid><GPODomainController><![CDATA[WIN-KSMP2NDOJD1.bruh.local]]></GPODomainController><BackupTime><![CDATA[2020-06-07T21:53:54]]></BackupTime><ID><![CDATA[{58FDDA28-F0E4-44C1-A651-190CD112E89B}]]></ID><Comment><![CDATA[]]></Comment><GPODisplayName><![CDATA[Disallow Windows Apps to share application data]]></GPODisplayName></BackupInst><BackupInst><GPOGuid><![CDATA[{F4A3E858-8CAB-4AD2-B0BA-A38CC1B075C7}]]></GPOGuid><GPODomain><![CDATA[bruh.local]]></GPODomain><GPODomainGuid><![CDATA[{3967d319-8d1c-4c8b-ab5e-261385f8ebe4}]]></GPODomainGuid><GPODomainController><![CDATA[WIN-KSMP2NDOJD1.bruh.local]]></GPODomainController><BackupTime><![CDATA[2020-06-07T21:53:54]]></BackupTime><ID><![CDATA[{0510A174-514F-4FEE-BEF1-382CB3F5B697}]]></ID><Comment><![CDATA[]]></Comment><GPODisplayName><![CDATA[Disallow Removeable Media Drives]]></GPODisplayName></BackupInst><BackupInst><GPOGuid><![CDATA[{3BFD17A4-E1FB-42F7-A83E-F8D2F4C58F1B}]]></GPOGuid><GPODomain><![CDATA[bruh.local]]></GPODomain><GPODomainGuid><![CDATA[{3967d319-8d1c-4c8b-ab5e-261385f8ebe4}]]></GPODomainGuid><GPODomainController><![CDATA[WIN-KSMP2NDOJD1.bruh.local]]></GPODomainController><BackupTime><![CDATA[2020-06-07T21:53:54]]></BackupTime><ID><![CDATA[{26806873-220E-41C6-8FBE-12E099FBBB54}]]></ID><Comment><![CDATA[]]></Comment><GPODisplayName><![CDATA[Disallow copying of user input methods to the system account for sign in]]></GPODisplayName></BackupInst><BackupInst><GPOGuid><![CDATA[{E7DFBD93-CB71-402D-97F7-81A1FA1BF4F8}]]></GPOGuid><GPODomain><![CDATA[bruh.local]]></GPODomain><GPODomainGuid><![CDATA[{3967d319-8d1c-4c8b-ab5e-261385f8ebe4}]]></GPODomainGuid><GPODomainController><![CDATA[WIN-KSMP2NDOJD1.bruh.local]]></GPODomainController><BackupTime><![CDATA[2020-06-07T21:53:54]]></BackupTime><ID><![CDATA[{5378DDAD-62F8-48E7-9DCB-0CCC5E23E768}]]></ID><Comment><![CDATA[]]></Comment><GPODisplayName><![CDATA[Disable Windows Connect Now_]]></GPODisplayName></BackupInst><BackupInst><GPOGuid><![CDATA[{50076115-F96E-4F38-980C-C8A33006A32E}]]></GPOGuid><GPODomain><![CDATA[bruh.local]]></GPODomain><GPODomainGuid><![CDATA[{3967d319-8d1c-4c8b-ab5e-261385f8ebe4}]]></GPODomainGuid><GPODomainController><![CDATA[WIN-KSMP2NDOJD1.bruh.local]]></GPODomainController><BackupTime><![CDATA[2020-06-07T21:53:54]]></BackupTime><ID><![CDATA[{698C42C5-5044-4CF6-9E95-E3D11F90F9D0}]]></ID><Comment><![CDATA[]]></Comment><GPODisplayName><![CDATA[Disable Windows Connect Now]]></GPODisplayName></BackupInst><BackupInst><GPOGuid><![CDATA[{CCA226C9-27CD-4843-AB75-FD63158A0AEA}]]></GPOGuid><GPODomain><![CDATA[bruh.local]]></GPODomain><GPODomainGuid><![CDATA[{3967d319-8d1c-4c8b-ab5e-261385f8ebe4}]]></GPODomainGuid><GPODomainController><![CDATA[WIN-KSMP2NDOJD1.bruh.local]]></GPODomainController><BackupTime><![CDATA[2020-06-07T21:53:54]]></BackupTime><ID><![CDATA[{9B82340D-111E-41C1-8A91-290DCC82B1DC}]]></ID><Comment><![CDATA[]]></Comment><GPODisplayName><![CDATA[Disable Use of Camera]]></GPODisplayName></BackupInst><BackupInst><GPOGuid><![CDATA[{460F001E-FF87-4862-AC3A-06C885F800AA}]]></GPOGuid><GPODomain><![CDATA[bruh.local]]></GPODomain><GPODomainGuid><![CDATA[{3967d319-8d1c-4c8b-ab5e-261385f8ebe4}]]></GPODomainGuid><GPODomainController><![CDATA[WIN-KSMP2NDOJD1.bruh.local]]></GPODomainController><BackupTime><![CDATA[2020-06-07T21:53:54]]></BackupTime><ID><![CDATA[{83ED5F4D-347D-4ED5-BF06-BD7218D523A0}]]></ID><Comment><![CDATA[]]></Comment><GPODisplayName><![CDATA[Disable PerfTrack]]></GPODisplayName></BackupInst><BackupInst><GPOGuid><![CDATA[{2B74B191-4485-4639-93FB-AF89E0236F58}]]></GPOGuid><GPODomain><![CDATA[bruh.local]]></GPODomain><GPODomainGuid><![CDATA[{3967d319-8d1c-4c8b-ab5e-261385f8ebe4}]]></GPODomainGuid><GPODomainController><![CDATA[WIN-KSMP2NDOJD1.bruh.local]]></GPODomainController><BackupTime><![CDATA[2020-06-07T21:53:54]]></BackupTime><ID><![CDATA[{9CEA4290-6E29-4325-A8FD-440D83A6365D}]]></ID><Comment><![CDATA[]]></Comment><GPODisplayName><![CDATA[Disable Password Reveal Button]]></GPODisplayName></BackupInst><BackupInst><GPOGuid><![CDATA[{86D72FC5-A1EE-4386-923A-891E610971F0}]]></GPOGuid><GPODomain><![CDATA[bruh.local]]></GPODomain><GPODomainGuid><![CDATA[{3967d319-8d1c-4c8b-ab5e-261385f8ebe4}]]></GPODomainGuid><GPODomainController><![CDATA[WIN-KSMP2NDOJD1.bruh.local]]></GPODomainController><BackupTime><![CDATA[2020-06-07T21:53:54]]></BackupTime><ID><![CDATA[{A1DA282F-98E5-42AF-8F37-CE05FCC073EE}]]></ID><Comment><![CDATA[]]></Comment><GPODisplayName><![CDATA[Disable Online Tips and Spech Recognition Services]]></GPODisplayName></BackupInst><BackupInst><GPOGuid><![CDATA[{23790233-DDC9-4F03-9910-0A7C3DA1E53F}]]></GPOGuid><GPODomain><![CDATA[bruh.local]]></GPODomain><GPODomainGuid><![CDATA[{3967d319-8d1c-4c8b-ab5e-261385f8ebe4}]]></GPODomainGuid><GPODomainController><![CDATA[WIN-KSMP2NDOJD1.bruh.local]]></GPODomainController><BackupTime><![CDATA[2020-06-07T21:53:54]]></BackupTime><ID><![CDATA[{7F0A4396-D4CB-4E5A-9985-918A58463C2D}]]></ID><Comment><![CDATA[]]></Comment><GPODisplayName><![CDATA[Disable OneDrive]]></GPODisplayName></BackupInst><BackupInst><GPOGuid><![CDATA[{31931D3A-B169-48BD-9FF7-20D2DE8A3866}]]></GPOGuid><GPODomain><![CDATA[bruh.local]]></GPODomain><GPODomainGuid><![CDATA[{3967d319-8d1c-4c8b-ab5e-261385f8ebe4}]]></GPODomainGuid><GPODomainController><![CDATA[WIN-KSMP2NDOJD1.bruh.local]]></GPODomainController><BackupTime><![CDATA[2020-06-07T21:53:54]]></BackupTime><ID><![CDATA[{F2B54EF5-C8CE-4AB0-8C95-EA496C243538}]]></ID><Comment><![CDATA[]]></Comment><GPODisplayName><![CDATA[Disable Microsoft Accounts - App Runtime]]></GPODisplayName></BackupInst><BackupInst><GPOGuid><![CDATA[{011EB7CB-FED8-4A2D-83DA-C940CB1FC1B2}]]></GPOGuid><GPODomain><![CDATA[bruh.local]]></GPODomain><GPODomainGuid><![CDATA[{3967d319-8d1c-4c8b-ab5e-261385f8ebe4}]]></GPODomainGuid><GPODomainController><![CDATA[WIN-KSMP2NDOJD1.bruh.local]]></GPODomainController><BackupTime><![CDATA[2020-06-07T21:53:54]]></BackupTime><ID><![CDATA[{5605F11C-6089-44CA-8F45-1A3497F8A617}]]></ID><Comment><![CDATA[]]></Comment><GPODisplayName><![CDATA[Disable Insecure Guest Logins]]></GPODisplayName></BackupInst><BackupInst><GPOGuid><![CDATA[{263A2D8F-5532-4584-AC86-1ABFA25A4DA4}]]></GPOGuid><GPODomain><![CDATA[bruh.local]]></GPODomain><GPODomainGuid><![CDATA[{3967d319-8d1c-4c8b-ab5e-261385f8ebe4}]]></GPODomainGuid><GPODomainController><![CDATA[WIN-KSMP2NDOJD1.bruh.local]]></GPODomainController><BackupTime><![CDATA[2020-06-07T21:53:53]]></BackupTime><ID><![CDATA[{53261A08-98F9-4A2F-A880-680C904B7704}]]></ID><Comment><![CDATA[]]></Comment><GPODisplayName><![CDATA[Disable Forced System Restarts]]></GPODisplayName></BackupInst><BackupInst><GPOGuid><![CDATA[{B68B89EB-18A4-4E97-AF9A-A53E0699A1A7}]]></GPOGuid><GPODomain><![CDATA[bruh.local]]></GPODomain><GPODomainGuid><![CDATA[{3967d319-8d1c-4c8b-ab5e-261385f8ebe4}]]></GPODomainGuid><GPODomainController><![CDATA[WIN-KSMP2NDOJD1.bruh.local]]></GPODomainController><BackupTime><![CDATA[2020-06-07T21:53:53]]></BackupTime><ID><![CDATA[{93DBBC68-6228-4A93-A664-F907B88F76D2}]]></ID><Comment><![CDATA[]]></Comment><GPODisplayName><![CDATA[Disable Font Providers]]></GPODisplayName></BackupInst><BackupInst><GPOGuid><![CDATA[{96C24554-ABE0-4E44-B065-15B647B1F638}]]></GPOGuid><GPODomain><![CDATA[bruh.local]]></GPODomain><GPODomainGuid><![CDATA[{3967d319-8d1c-4c8b-ab5e-261385f8ebe4}]]></GPODomainGuid><GPODomainController><![CDATA[WIN-KSMP2NDOJD1.bruh.local]]></GPODomainController><BackupTime><![CDATA[2020-06-07T21:53:53]]></BackupTime><ID><![CDATA[{280F6E0D-7432-4BC9-8438-5E8149F3FBF3}]]></ID><Comment><![CDATA[]]></Comment><GPODisplayName><![CDATA[Disable Command Line in Process Creation Events]]></GPODisplayName></BackupInst><BackupInst><GPOGuid><![CDATA[{D1D4F00F-DA34-42A1-9D08-FED7B4A7C5F9}]]></GPOGuid><GPODomain><![CDATA[bruh.local]]></GPODomain><GPODomainGuid><![CDATA[{3967d319-8d1c-4c8b-ab5e-261385f8ebe4}]]></GPODomainGuid><GPODomainController><![CDATA[WIN-KSMP2NDOJD1.bruh.local]]></GPODomainController><BackupTime><![CDATA[2020-06-07T21:53:53]]></BackupTime><ID><![CDATA[{5EEAC138-7BE5-4D83-9CE5-A27123ECE534}]]></ID><Comment><![CDATA[]]></Comment><GPODisplayName><![CDATA[Disable "Always install with elevated Priveleges"]]></GPODisplayName></BackupInst><BackupInst><GPOGuid><![CDATA[{31B2F340-016D-11D2-945F-00C04FB984F9}]]></GPOGuid><GPODomain><![CDATA[bruh.local]]></GPODomain><GPODomainGuid><![CDATA[{3967d319-8d1c-4c8b-ab5e-261385f8ebe4}]]></GPODomainGuid><GPODomainController><![CDATA[WIN-KSMP2NDOJD1.bruh.local]]></GPODomainController><BackupTime><![CDATA[2020-06-07T21:53:53]]></BackupTime><ID><![CDATA[{20B34566-0A3D-469E-B3B5-BF48479E6AA6}]]></ID><Comment><![CDATA[]]></Comment><GPODisplayName><![CDATA[Default Domain Policy]]></GPODisplayName></BackupInst><BackupInst><GPOGuid><![CDATA[{6AC1786C-016F-11D2-945F-00C04fB984F9}]]></GPOGuid><GPODomain><![CDATA[bruh.local]]></GPODomain><GPODomainGuid><![CDATA[{3967d319-8d1c-4c8b-ab5e-261385f8ebe4}]]></GPODomainGuid><GPODomainController><![CDATA[WIN-KSMP2NDOJD1.bruh.local]]></GPODomainController><BackupTime><![CDATA[2020-06-07T21:53:53]]></BackupTime><ID><![CDATA[{361493FA-2DFF-495C-A6E6-6801180DC9B4}]]></ID><Comment><![CDATA[]]></Comment><GPODisplayName><![CDATA[Default Domain Controllers Policy]]></GPODisplayName></BackupInst><BackupInst><GPOGuid><![CDATA[{AC020AC7-ACBD-4406-B0B1-B196BE64C0BE}]]></GPOGuid><GPODomain><![CDATA[bruh.local]]></GPODomain><GPODomainGuid><![CDATA[{3967d319-8d1c-4c8b-ab5e-261385f8ebe4}]]></GPODomainGuid><GPODomainController><![CDATA[WIN-KSMP2NDOJD1.bruh.local]]></GPODomainController><BackupTime><![CDATA[2020-06-07T21:53:53]]></BackupTime><ID><![CDATA[{EDC2D175-ED7A-46F9-89B8-7C1FA59EEE3F}]]></ID><Comment><![CDATA[]]></Comment><GPODisplayName><![CDATA[Boot-Start Driver Initialization Policy]]></GPODisplayName></BackupInst><BackupInst><GPOGuid><![CDATA[{6F0E1E03-1154-4C55-A8D6-81296E4F9A73}]]></GPOGuid><GPODomain><![CDATA[bruh.local]]></GPODomain><GPODomainGuid><![CDATA[{3967d319-8d1c-4c8b-ab5e-261385f8ebe4}]]></GPODomainGuid><GPODomainController><![CDATA[WIN-KSMP2NDOJD1.bruh.local]]></GPODomainController><BackupTime><![CDATA[2020-06-07T21:53:53]]></BackupTime><ID><![CDATA[{6A09D5A1-2B1F-42A2-81ED-086041D0786C}]]></ID><Comment><![CDATA[]]></Comment><GPODisplayName><![CDATA[Audit Policy]]></GPODisplayName></BackupInst><BackupInst><GPOGuid><![CDATA[{AC5FE4D2-30BE-4F90-B96D-AB18127DA606}]]></GPOGuid><GPODomain><![CDATA[bruh.local]]></GPODomain><GPODomainGuid><![CDATA[{3967d319-8d1c-4c8b-ab5e-261385f8ebe4}]]></GPODomainGuid><GPODomainController><![CDATA[WIN-KSMP2NDOJD1.bruh.local]]></GPODomainController><BackupTime><![CDATA[2020-06-07T21:53:53]]></BackupTime><ID><![CDATA[{BE58249F-A3D6-4186-8571-C00A3244EB25}]]></ID><Comment><![CDATA[]]></Comment><GPODisplayName><![CDATA[Advanced Audit Policy Configuration]]></GPODisplayName></BackupInst><BackupInst><GPOGuid><![CDATA[{954028E9-74A7-4806-9893-D4A475A236A3}]]></GPOGuid><GPODomain><![CDATA[bruh.local]]></GPODomain><GPODomainGuid><![CDATA[{3967d319-8d1c-4c8b-ab5e-261385f8ebe4}]]></GPODomainGuid><GPODomainController><![CDATA[WIN-KSMP2NDOJD1.bruh.local]]></GPODomainController><BackupTime><![CDATA[2020-06-07T21:53:50]]></BackupTime><ID><![CDATA[{17626F7F-BADD-4181-BBFC-89600C430069}]]></ID><Comment><![CDATA[]]></Comment><GPODisplayName><![CDATA[Account Lockout Policy]]></GPODisplayName></BackupInst></Backups>