<BackupInst xmlns="http://www.microsoft.com/GroupPolicy/GPOOperations/Manifest"><GPOGuid><![CDATA[{461D8FA0-98DA-4913-8856-6053441A2DEE}]]></GPOGuid><GPODomain><![CDATA[bruh.local]]></GPODomain><GPODomainGuid><![CDATA[{3967d319-8d1c-4c8b-ab5e-261385f8ebe4}]]></GPODomainGuid><GPODomainController><![CDATA[WIN-KSMP2NDOJD1.bruh.local]]></GPODomainController><BackupTime><![CDATA[2020-06-07T21:53:56]]></BackupTime><ID><![CDATA[{ECC95931-FD8F-48E6-87B3-BDCE23AAC5CC}]]></ID><Comment><![CDATA[]]></Comment><GPODisplayName><![CDATA[Restrict Software Installations]]></GPODisplayName></BackupInst>
