<BackupInst xmlns="http://www.microsoft.com/GroupPolicy/GPOOperations/Manifest"><GPOGuid><![CDATA[{44645A41-E085-4B30-8005-30129B308C40}]]></GPOGuid><GPODomain><![CDATA[bruh.local]]></GPODomain><GPODomainGuid><![CDATA[{3967d319-8d1c-4c8b-ab5e-261385f8ebe4}]]></GPODomainGuid><GPODomainController><![CDATA[WIN-KSMP2NDOJD1.bruh.local]]></GPODomainController><BackupTime><![CDATA[2020-06-07T21:53:58]]></BackupTime><ID><![CDATA[{00119972-D898-48E0-AB1C-57C33070DB06}]]></ID><Comment><![CDATA[]]></Comment><GPODisplayName><![CDATA[Turn Off Location]]></GPODisplayName></BackupInst>
