<BackupInst xmlns="http://www.microsoft.com/GroupPolicy/GPOOperations/Manifest"><GPOGuid><![CDATA[{BA609A9F-0975-40B8-9F85-F30320AEAD6C}]]></GPOGuid><GPODomain><![CDATA[bruh.local]]></GPODomain><GPODomainGuid><![CDATA[{3967d319-8d1c-4c8b-ab5e-261385f8ebe4}]]></GPODomainGuid><GPODomainController><![CDATA[WIN-KSMP2NDOJD1.bruh.local]]></GPODomainController><BackupTime><![CDATA[2020-06-07T21:53:55]]></BackupTime><ID><![CDATA[{77C6F275-1539-4E11-936F-DBE4DCC54B4E}]]></ID><Comment><![CDATA[]]></Comment><GPODisplayName><![CDATA[Ensure Backgrond Refresh of Group Policy]]></GPODisplayName></BackupInst>
