<BackupInst xmlns="http://www.microsoft.com/GroupPolicy/GPOOperations/Manifest"><GPOGuid><![CDATA[{31931D3A-B169-48BD-9FF7-20D2DE8A3866}]]></GPOGuid><GPODomain><![CDATA[bruh.local]]></GPODomain><GPODomainGuid><![CDATA[{3967d319-8d1c-4c8b-ab5e-261385f8ebe4}]]></GPODomainGuid><GPODomainController><![CDATA[WIN-KSMP2NDOJD1.bruh.local]]></GPODomainController><BackupTime><![CDATA[2020-06-07T21:53:54]]></BackupTime><ID><![CDATA[{F2B54EF5-C8CE-4AB0-8C95-EA496C243538}]]></ID><Comment><![CDATA[]]></Comment><GPODisplayName><![CDATA[Disable Microsoft Accounts - App Runtime]]></GPODisplayName></BackupInst>
