<BackupInst xmlns="http://www.microsoft.com/GroupPolicy/GPOOperations/Manifest"><GPOGuid><![CDATA[{2BD1A09D-CC15-4956-A08E-F3960D8D968B}]]></GPOGuid><GPODomain><![CDATA[bruh.local]]></GPODomain><GPODomainGuid><![CDATA[{3967d319-8d1c-4c8b-ab5e-261385f8ebe4}]]></GPODomainGuid><GPODomainController><![CDATA[WIN-KSMP2NDOJD1.bruh.local]]></GPODomainController><BackupTime><![CDATA[2020-06-07T21:53:56]]></BackupTime><ID><![CDATA[{AFF39028-5000-4BBA-8218-F92EF5F1E81B}]]></ID><Comment><![CDATA[]]></Comment><GPODisplayName><![CDATA[Remove Domain Users from Local Administrator Group]]></GPODisplayName></BackupInst>
