<BackupInst xmlns="http://www.microsoft.com/GroupPolicy/GPOOperations/Manifest"><GPOGuid><![CDATA[{0984741D-F8E5-459E-9D03-9DBDB56992E7}]]></GPOGuid><GPODomain><![CDATA[bruh.local]]></GPODomain><GPODomainGuid><![CDATA[{3967d319-8d1c-4c8b-ab5e-261385f8ebe4}]]></GPODomainGuid><GPODomainController><![CDATA[WIN-KSMP2NDOJD1.bruh.local]]></GPODomainController><BackupTime><![CDATA[2020-06-07T21:53:55]]></BackupTime><ID><![CDATA[{C2ECA317-9813-401C-899F-979E2A030A32}]]></ID><Comment><![CDATA[]]></Comment><GPODisplayName><![CDATA[Power/Sleep Settings]]></GPODisplayName></BackupInst>
