<BackupInst xmlns="http://www.microsoft.com/GroupPolicy/GPOOperations/Manifest"><GPOGuid><![CDATA[{AC020AC7-ACBD-4406-B0B1-B196BE64C0BE}]]></GPOGuid><GPODomain><![CDATA[bruh.local]]></GPODomain><GPODomainGuid><![CDATA[{3967d319-8d1c-4c8b-ab5e-261385f8ebe4}]]></GPODomainGuid><GPODomainController><![CDATA[WIN-KSMP2NDOJD1.bruh.local]]></GPODomainController><BackupTime><![CDATA[2020-06-07T21:53:53]]></BackupTime><ID><![CDATA[{EDC2D175-ED7A-46F9-89B8-7C1FA59EEE3F}]]></ID><Comment><![CDATA[]]></Comment><GPODisplayName><![CDATA[Boot-Start Driver Initialization Policy]]></GPODisplayName></BackupInst>
