<BackupInst xmlns="http://www.microsoft.com/GroupPolicy/GPOOperations/Manifest"><GPOGuid><![CDATA[{32F444A4-D8CE-4EE8-B822-1471896C1A71}]]></GPOGuid><GPODomain><![CDATA[bruh.local]]></GPODomain><GPODomainGuid><![CDATA[{3967d319-8d1c-4c8b-ab5e-261385f8ebe4}]]></GPODomainGuid><GPODomainController><![CDATA[WIN-KSMP2NDOJD1.bruh.local]]></GPODomainController><BackupTime><![CDATA[2020-06-07T21:53:55]]></BackupTime><ID><![CDATA[{124EA65B-E62E-49FE-87CE-6EAAEC980E23}]]></ID><Comment><![CDATA[]]></Comment><GPODisplayName><![CDATA[Prevent Lock Screen Camera and Slideshow]]></GPODisplayName></BackupInst>
