<BackupInst xmlns="http://www.microsoft.com/GroupPolicy/GPOOperations/Manifest"><GPOGuid><![CDATA[{5A0E1E9E-E27C-4D2A-B3B5-CD9A59E3EE30}]]></GPOGuid><GPODomain><![CDATA[bruh.local]]></GPODomain><GPODomainGuid><![CDATA[{3967d319-8d1c-4c8b-ab5e-261385f8ebe4}]]></GPODomainGuid><GPODomainController><![CDATA[WIN-KSMP2NDOJD1.bruh.local]]></GPODomainController><BackupTime><![CDATA[2020-06-07T21:53:57]]></BackupTime><ID><![CDATA[{130FE1ED-6CE7-4A84-A3C3-B7C7F260999C}]]></ID><Comment><![CDATA[]]></Comment><GPODisplayName><![CDATA[Security Options - Microsoft Network Client]]></GPODisplayName></BackupInst>
