<BackupInst xmlns="http://www.microsoft.com/GroupPolicy/GPOOperations/Manifest"><GPOGuid><![CDATA[{23790233-DDC9-4F03-9910-0A7C3DA1E53F}]]></GPOGuid><GPODomain><![CDATA[bruh.local]]></GPODomain><GPODomainGuid><![CDATA[{3967d319-8d1c-4c8b-ab5e-261385f8ebe4}]]></GPODomainGuid><GPODomainController><![CDATA[WIN-KSMP2NDOJD1.bruh.local]]></GPODomainController><BackupTime><![CDATA[2020-06-07T21:53:54]]></BackupTime><ID><![CDATA[{7F0A4396-D4CB-4E5A-9985-918A58463C2D}]]></ID><Comment><![CDATA[]]></Comment><GPODisplayName><![CDATA[Disable OneDrive]]></GPODisplayName></BackupInst>
