<BackupInst xmlns="http://www.microsoft.com/GroupPolicy/GPOOperations/Manifest"><GPOGuid><![CDATA[{9CEDFF5A-E372-4014-AEE8-FDDB4BCD017A}]]></GPOGuid><GPODomain><![CDATA[bruh.local]]></GPODomain><GPODomainGuid><![CDATA[{3967d319-8d1c-4c8b-ab5e-261385f8ebe4}]]></GPODomainGuid><GPODomainController><![CDATA[WIN-KSMP2NDOJD1.bruh.local]]></GPODomainController><BackupTime><![CDATA[2020-06-07T21:53:55]]></BackupTime><ID><![CDATA[{371993B5-DD0F-43F7-A315-1C587453D1AA}]]></ID><Comment><![CDATA[]]></Comment><GPODisplayName><![CDATA[Internet Communication Settings]]></GPODisplayName></BackupInst>
