<BackupInst xmlns="http://www.microsoft.com/GroupPolicy/GPOOperations/Manifest"><GPOGuid><![CDATA[{05AF1763-3AC1-43E1-B328-8C96B6EB4995}]]></GPOGuid><GPODomain><![CDATA[bruh.local]]></GPODomain><GPODomainGuid><![CDATA[{3967d319-8d1c-4c8b-ab5e-261385f8ebe4}]]></GPODomainGuid><GPODomainController><![CDATA[WIN-KSMP2NDOJD1.bruh.local]]></GPODomainController><BackupTime><![CDATA[2020-06-07T21:53:57]]></BackupTime><ID><![CDATA[{58AC5562-59DA-4090-9710-C83AECDCBDD8}]]></ID><Comment><![CDATA[]]></Comment><GPODisplayName><![CDATA[Security Options - Network Security]]></GPODisplayName></BackupInst>
