<BackupInst xmlns="http://www.microsoft.com/GroupPolicy/GPOOperations/Manifest"><GPOGuid><![CDATA[{CB038533-CCC7-4CA4-A2E9-DA51D1901C13}]]></GPOGuid><GPODomain><![CDATA[bruh.local]]></GPODomain><GPODomainGuid><![CDATA[{3967d319-8d1c-4c8b-ab5e-261385f8ebe4}]]></GPODomainGuid><GPODomainController><![CDATA[WIN-KSMP2NDOJD1.bruh.local]]></GPODomainController><BackupTime><![CDATA[2020-06-07T21:53:56]]></BackupTime><ID><![CDATA[{35291E27-B35B-4A6F-91EF-15D6739CDC9D}]]></ID><Comment><![CDATA[]]></Comment><GPODisplayName><![CDATA[Security Options - Domain Contoller]]></GPODisplayName></BackupInst>
