<BackupInst xmlns="http://www.microsoft.com/GroupPolicy/GPOOperations/Manifest"><GPOGuid><![CDATA[{263A2D8F-5532-4584-AC86-1ABFA25A4DA4}]]></GPOGuid><GPODomain><![CDATA[bruh.local]]></GPODomain><GPODomainGuid><![CDATA[{3967d319-8d1c-4c8b-ab5e-261385f8ebe4}]]></GPODomainGuid><GPODomainController><![CDATA[WIN-KSMP2NDOJD1.bruh.local]]></GPODomainController><BackupTime><![CDATA[2020-06-07T21:53:53]]></BackupTime><ID><![CDATA[{53261A08-98F9-4A2F-A880-680C904B7704}]]></ID><Comment><![CDATA[]]></Comment><GPODisplayName><![CDATA[Disable Forced System Restarts]]></GPODisplayName></BackupInst>
