<BackupInst xmlns="http://www.microsoft.com/GroupPolicy/GPOOperations/Manifest"><GPOGuid><![CDATA[{67CC5346-2BAE-42E1-9FA8-434BB01DBA7F}]]></GPOGuid><GPODomain><![CDATA[bruh.local]]></GPODomain><GPODomainGuid><![CDATA[{3967d319-8d1c-4c8b-ab5e-261385f8ebe4}]]></GPODomainGuid><GPODomainController><![CDATA[WIN-KSMP2NDOJD1.bruh.local]]></GPODomainController><BackupTime><![CDATA[2020-06-07T21:53:56]]></BackupTime><ID><![CDATA[{4ACA3D80-E59D-4E46-AE66-5D573218D0E2}]]></ID><Comment><![CDATA[]]></Comment><GPODisplayName><![CDATA[Security Options - Devices]]></GPODisplayName></BackupInst>
