<BackupInst xmlns="http://www.microsoft.com/GroupPolicy/GPOOperations/Manifest"><GPOGuid><![CDATA[{8AB94DC9-12F7-4F67-9ADF-A4647FEEBC45}]]></GPOGuid><GPODomain><![CDATA[bruh.local]]></GPODomain><GPODomainGuid><![CDATA[{3967d319-8d1c-4c8b-ab5e-261385f8ebe4}]]></GPODomainGuid><GPODomainController><![CDATA[WIN-KSMP2NDOJD1.bruh.local]]></GPODomainController><BackupTime><![CDATA[2020-06-07T21:53:57]]></BackupTime><ID><![CDATA[{235C123C-92C6-4F04-B09B-98EFF874FC23}]]></ID><Comment><![CDATA[]]></Comment><GPODisplayName><![CDATA[Security Options - Network Access_]]></GPODisplayName></BackupInst>
