<BackupInst xmlns="http://www.microsoft.com/GroupPolicy/GPOOperations/Manifest"><GPOGuid><![CDATA[{011EB7CB-FED8-4A2D-83DA-C940CB1FC1B2}]]></GPOGuid><GPODomain><![CDATA[bruh.local]]></GPODomain><GPODomainGuid><![CDATA[{3967d319-8d1c-4c8b-ab5e-261385f8ebe4}]]></GPODomainGuid><GPODomainController><![CDATA[WIN-KSMP2NDOJD1.bruh.local]]></GPODomainController><BackupTime><![CDATA[2020-06-07T21:53:54]]></BackupTime><ID><![CDATA[{5605F11C-6089-44CA-8F45-1A3497F8A617}]]></ID><Comment><![CDATA[]]></Comment><GPODisplayName><![CDATA[Disable Insecure Guest Logins]]></GPODisplayName></BackupInst>
