<BackupInst xmlns="http://www.microsoft.com/GroupPolicy/GPOOperations/Manifest"><GPOGuid><![CDATA[{460F001E-FF87-4862-AC3A-06C885F800AA}]]></GPOGuid><GPODomain><![CDATA[bruh.local]]></GPODomain><GPODomainGuid><![CDATA[{3967d319-8d1c-4c8b-ab5e-261385f8ebe4}]]></GPODomainGuid><GPODomainController><![CDATA[WIN-KSMP2NDOJD1.bruh.local]]></GPODomainController><BackupTime><![CDATA[2020-06-07T21:53:54]]></BackupTime><ID><![CDATA[{83ED5F4D-347D-4ED5-BF06-BD7218D523A0}]]></ID><Comment><![CDATA[]]></Comment><GPODisplayName><![CDATA[Disable PerfTrack]]></GPODisplayName></BackupInst>
