<BackupInst xmlns="http://www.microsoft.com/GroupPolicy/GPOOperations/Manifest"><GPOGuid><![CDATA[{317AC007-C5F4-47EB-A06B-05B9E749A727}]]></GPOGuid><GPODomain><![CDATA[bruh.local]]></GPODomain><GPODomainGuid><![CDATA[{3967d319-8d1c-4c8b-ab5e-261385f8ebe4}]]></GPODomainGuid><GPODomainController><![CDATA[WIN-KSMP2NDOJD1.bruh.local]]></GPODomainController><BackupTime><![CDATA[2020-06-07T21:53:56]]></BackupTime><ID><![CDATA[{AAA90628-EA59-4E9B-B406-D96805BE5023}]]></ID><Comment><![CDATA[]]></Comment><GPODisplayName><![CDATA[Screen Saver Policy]]></GPODisplayName></BackupInst>
