<BackupInst xmlns="http://www.microsoft.com/GroupPolicy/GPOOperations/Manifest"><GPOGuid><![CDATA[{312C86AE-06C5-41E1-8EAE-E60C79D80CDD}]]></GPOGuid><GPODomain><![CDATA[bruh.local]]></GPODomain><GPODomainGuid><![CDATA[{3967d319-8d1c-4c8b-ab5e-261385f8ebe4}]]></GPODomainGuid><GPODomainController><![CDATA[WIN-KSMP2NDOJD1.bruh.local]]></GPODomainController><BackupTime><![CDATA[2020-06-07T21:53:58]]></BackupTime><ID><![CDATA[{0E95DAD9-61DE-4CA0-819C-E782683BD777}]]></ID><Comment><![CDATA[]]></Comment><GPODisplayName><![CDATA[Turn Off Lock Screen Notifications]]></GPODisplayName></BackupInst>
