<BackupInst xmlns="http://www.microsoft.com/GroupPolicy/GPOOperations/Manifest"><GPOGuid><![CDATA[{DEF254DD-3004-445F-BB41-E34FA13F6483}]]></GPOGuid><GPODomain><![CDATA[bruh.local]]></GPODomain><GPODomainGuid><![CDATA[{3967d319-8d1c-4c8b-ab5e-261385f8ebe4}]]></GPODomainGuid><GPODomainController><![CDATA[WIN-KSMP2NDOJD1.bruh.local]]></GPODomainController><BackupTime><![CDATA[2020-06-07T21:53:57]]></BackupTime><ID><![CDATA[{B036927C-8126-450A-BE58-CB4AEBFA45AD}]]></ID><Comment><![CDATA[]]></Comment><GPODisplayName><![CDATA[Security Options - UAC]]></GPODisplayName></BackupInst>
