<BackupInst xmlns="http://www.microsoft.com/GroupPolicy/GPOOperations/Manifest"><GPOGuid><![CDATA[{CCA226C9-27CD-4843-AB75-FD63158A0AEA}]]></GPOGuid><GPODomain><![CDATA[bruh.local]]></GPODomain><GPODomainGuid><![CDATA[{3967d319-8d1c-4c8b-ab5e-261385f8ebe4}]]></GPODomainGuid><GPODomainController><![CDATA[WIN-KSMP2NDOJD1.bruh.local]]></GPODomainController><BackupTime><![CDATA[2020-06-07T21:53:54]]></BackupTime><ID><![CDATA[{9B82340D-111E-41C1-8A91-290DCC82B1DC}]]></ID><Comment><![CDATA[]]></Comment><GPODisplayName><![CDATA[Disable Use of Camera]]></GPODisplayName></BackupInst>
