<BackupInst xmlns="http://www.microsoft.com/GroupPolicy/GPOOperations/Manifest"><GPOGuid><![CDATA[{199C98BC-BE87-4112-9BB4-EA0FF3B2E562}]]></GPOGuid><GPODomain><![CDATA[bruh.local]]></GPODomain><GPODomainGuid><![CDATA[{3967d319-8d1c-4c8b-ab5e-261385f8ebe4}]]></GPODomainGuid><GPODomainController><![CDATA[WIN-KSMP2NDOJD1.bruh.local]]></GPODomainController><BackupTime><![CDATA[2020-06-07T21:53:56]]></BackupTime><ID><![CDATA[{502996CC-7F12-469B-88C7-B3AE0DDD7B52}]]></ID><Comment><![CDATA[]]></Comment><GPODisplayName><![CDATA[Security Objects - Sytem Objects]]></GPODisplayName></BackupInst>
