<BackupInst xmlns="http://www.microsoft.com/GroupPolicy/GPOOperations/Manifest"><GPOGuid><![CDATA[{2B74B191-4485-4639-93FB-AF89E0236F58}]]></GPOGuid><GPODomain><![CDATA[bruh.local]]></GPODomain><GPODomainGuid><![CDATA[{3967d319-8d1c-4c8b-ab5e-261385f8ebe4}]]></GPODomainGuid><GPODomainController><![CDATA[WIN-KSMP2NDOJD1.bruh.local]]></GPODomainController><BackupTime><![CDATA[2020-06-07T21:53:54]]></BackupTime><ID><![CDATA[{9CEA4290-6E29-4325-A8FD-440D83A6365D}]]></ID><Comment><![CDATA[]]></Comment><GPODisplayName><![CDATA[Disable Password Reveal Button]]></GPODisplayName></BackupInst>
