<BackupInst xmlns="http://www.microsoft.com/GroupPolicy/GPOOperations/Manifest"><GPOGuid><![CDATA[{00560D71-4D51-42B6-AB06-031AE8D44045}]]></GPOGuid><GPODomain><![CDATA[bruh.local]]></GPODomain><GPODomainGuid><![CDATA[{3967d319-8d1c-4c8b-ab5e-261385f8ebe4}]]></GPODomainGuid><GPODomainController><![CDATA[WIN-KSMP2NDOJD1.bruh.local]]></GPODomainController><BackupTime><![CDATA[2020-06-07T21:53:58]]></BackupTime><ID><![CDATA[{442224AE-FE68-4D4C-8ABD-8C3A7C553C38}]]></ID><Comment><![CDATA[]]></Comment><GPODisplayName><![CDATA[Turn Off Mapper I/O and Responder Drivers]]></GPODisplayName></BackupInst>
