<BackupInst xmlns="http://www.microsoft.com/GroupPolicy/GPOOperations/Manifest"><GPOGuid><![CDATA[{623FFD68-6EEE-4B44-A53B-2483F872C600}]]></GPOGuid><GPODomain><![CDATA[bruh.local]]></GPODomain><GPODomainGuid><![CDATA[{3967d319-8d1c-4c8b-ab5e-261385f8ebe4}]]></GPODomainGuid><GPODomainController><![CDATA[WIN-KSMP2NDOJD1.bruh.local]]></GPODomainController><BackupTime><![CDATA[2020-06-07T21:53:55]]></BackupTime><ID><![CDATA[{311FC6FC-E808-4AFC-A9CA-D154024D2C08}]]></ID><Comment><![CDATA[]]></Comment><GPODisplayName><![CDATA[Password Policy]]></GPODisplayName></BackupInst>
