<BackupInst xmlns="http://www.microsoft.com/GroupPolicy/GPOOperations/Manifest"><GPOGuid><![CDATA[{52EDD690-697A-4EAF-83D6-3616F017C19B}]]></GPOGuid><GPODomain><![CDATA[bruh.local]]></GPODomain><GPODomainGuid><![CDATA[{3967d319-8d1c-4c8b-ab5e-261385f8ebe4}]]></GPODomainGuid><GPODomainController><![CDATA[WIN-KSMP2NDOJD1.bruh.local]]></GPODomainController><BackupTime><![CDATA[2020-06-07T21:53:56]]></BackupTime><ID><![CDATA[{38FCF549-8B4E-4E15-8B63-7FFC57568B11}]]></ID><Comment><![CDATA[]]></Comment><GPODisplayName><![CDATA[RPC Authentication]]></GPODisplayName></BackupInst>
