<BackupInst xmlns="http://www.microsoft.com/GroupPolicy/GPOOperations/Manifest"><GPOGuid><![CDATA[{9AE4192B-858E-4FE9-B721-5DB117621952}]]></GPOGuid><GPODomain><![CDATA[bruh.local]]></GPODomain><GPODomainGuid><![CDATA[{3967d319-8d1c-4c8b-ab5e-261385f8ebe4}]]></GPODomainGuid><GPODomainController><![CDATA[WIN-KSMP2NDOJD1.bruh.local]]></GPODomainController><BackupTime><![CDATA[2020-06-07T21:53:55]]></BackupTime><ID><![CDATA[{64A599C6-3912-4B2A-9303-38D542BB7095}]]></ID><Comment><![CDATA[]]></Comment><GPODisplayName><![CDATA[Prohibit Control Panel Access]]></GPODisplayName></BackupInst>
