<BackupInst xmlns="http://www.microsoft.com/GroupPolicy/GPOOperations/Manifest"><GPOGuid><![CDATA[{D1D4F00F-DA34-42A1-9D08-FED7B4A7C5F9}]]></GPOGuid><GPODomain><![CDATA[bruh.local]]></GPODomain><GPODomainGuid><![CDATA[{3967d319-8d1c-4c8b-ab5e-261385f8ebe4}]]></GPODomainGuid><GPODomainController><![CDATA[WIN-KSMP2NDOJD1.bruh.local]]></GPODomainController><BackupTime><![CDATA[2020-06-07T21:53:53]]></BackupTime><ID><![CDATA[{5EEAC138-7BE5-4D83-9CE5-A27123ECE534}]]></ID><Comment><![CDATA[]]></Comment><GPODisplayName><![CDATA[Disable "Always install with elevated Priveleges"]]></GPODisplayName></BackupInst>
