<BackupInst xmlns="http://www.microsoft.com/GroupPolicy/GPOOperations/Manifest"><GPOGuid><![CDATA[{288D86BE-5E84-4ACC-8267-FEB7E2BD029A}]]></GPOGuid><GPODomain><![CDATA[bruh.local]]></GPODomain><GPODomainGuid><![CDATA[{3967d319-8d1c-4c8b-ab5e-261385f8ebe4}]]></GPODomainGuid><GPODomainController><![CDATA[WIN-KSMP2NDOJD1.bruh.local]]></GPODomainController><BackupTime><![CDATA[2020-06-07T21:53:55]]></BackupTime><ID><![CDATA[{E66C5150-11D7-4555-B85E-C0546FB2F94C}]]></ID><Comment><![CDATA[]]></Comment><GPODisplayName><![CDATA[Prevent Access to Regedit]]></GPODisplayName></BackupInst>
