<BackupInst xmlns="http://www.microsoft.com/GroupPolicy/GPOOperations/Manifest"><GPOGuid><![CDATA[{BF05449A-4F97-4D6A-AF1D-F628ADAB865E}]]></GPOGuid><GPODomain><![CDATA[bruh.local]]></GPODomain><GPODomainGuid><![CDATA[{3967d319-8d1c-4c8b-ab5e-261385f8ebe4}]]></GPODomainGuid><GPODomainController><![CDATA[WIN-KSMP2NDOJD1.bruh.local]]></GPODomainController><BackupTime><![CDATA[2020-06-07T21:53:56]]></BackupTime><ID><![CDATA[{D84E2ECB-8564-496D-95BA-AEC7B4CD67B4}]]></ID><Comment><![CDATA[]]></Comment><GPODisplayName><![CDATA[Security Options - Accounts]]></GPODisplayName></BackupInst>
