<BackupInst xmlns="http://www.microsoft.com/GroupPolicy/GPOOperations/Manifest"><GPOGuid><![CDATA[{96C24554-ABE0-4E44-B065-15B647B1F638}]]></GPOGuid><GPODomain><![CDATA[bruh.local]]></GPODomain><GPODomainGuid><![CDATA[{3967d319-8d1c-4c8b-ab5e-261385f8ebe4}]]></GPODomainGuid><GPODomainController><![CDATA[WIN-KSMP2NDOJD1.bruh.local]]></GPODomainController><BackupTime><![CDATA[2020-06-07T21:53:53]]></BackupTime><ID><![CDATA[{280F6E0D-7432-4BC9-8438-5E8149F3FBF3}]]></ID><Comment><![CDATA[]]></Comment><GPODisplayName><![CDATA[Disable Command Line in Process Creation Events]]></GPODisplayName></BackupInst>
