<BackupInst xmlns="http://www.microsoft.com/GroupPolicy/GPOOperations/Manifest"><GPOGuid><![CDATA[{954028E9-74A7-4806-9893-D4A475A236A3}]]></GPOGuid><GPODomain><![CDATA[bruh.local]]></GPODomain><GPODomainGuid><![CDATA[{3967d319-8d1c-4c8b-ab5e-261385f8ebe4}]]></GPODomainGuid><GPODomainController><![CDATA[WIN-KSMP2NDOJD1.bruh.local]]></GPODomainController><BackupTime><![CDATA[2020-06-07T21:53:50]]></BackupTime><ID><![CDATA[{17626F7F-BADD-4181-BBFC-89600C430069}]]></ID><Comment><![CDATA[]]></Comment><GPODisplayName><![CDATA[Account Lockout Policy]]></GPODisplayName></BackupInst>
