<BackupInst xmlns="http://www.microsoft.com/GroupPolicy/GPOOperations/Manifest"><GPOGuid><![CDATA[{0473B089-3CFF-4CE5-A296-AA7D8FC6CEE4}]]></GPOGuid><GPODomain><![CDATA[bruh.local]]></GPODomain><GPODomainGuid><![CDATA[{3967d319-8d1c-4c8b-ab5e-261385f8ebe4}]]></GPODomainGuid><GPODomainController><![CDATA[WIN-KSMP2NDOJD1.bruh.local]]></GPODomainController><BackupTime><![CDATA[2020-06-07T21:53:55]]></BackupTime><ID><![CDATA[{7968B40A-00CB-4A5D-AC63-27BC27F07E64}]]></ID><Comment><![CDATA[]]></Comment><GPODisplayName><![CDATA[Ensure Windows Defender is Enabled]]></GPODisplayName></BackupInst>
