<BackupInst xmlns="http://www.microsoft.com/GroupPolicy/GPOOperations/Manifest"><GPOGuid><![CDATA[{2203BFFF-86D0-40B6-A1C1-5FD51C7959D5}]]></GPOGuid><GPODomain><![CDATA[bruh.local]]></GPODomain><GPODomainGuid><![CDATA[{3967d319-8d1c-4c8b-ab5e-261385f8ebe4}]]></GPODomainGuid><GPODomainController><![CDATA[WIN-KSMP2NDOJD1.bruh.local]]></GPODomainController><BackupTime><![CDATA[2020-06-07T21:53:57]]></BackupTime><ID><![CDATA[{C10927A5-7D44-4CBF-85F6-F25F4693C2C4}]]></ID><Comment><![CDATA[]]></Comment><GPODisplayName><![CDATA[Support Device Authentication Using Cetificate]]></GPODisplayName></BackupInst>
