<BackupInst xmlns="http://www.microsoft.com/GroupPolicy/GPOOperations/Manifest"><GPOGuid><![CDATA[{C3556230-06F2-4FCF-859D-4B4702D9EBAD}]]></GPOGuid><GPODomain><![CDATA[bruh.local]]></GPODomain><GPODomainGuid><![CDATA[{3967d319-8d1c-4c8b-ab5e-261385f8ebe4}]]></GPODomainGuid><GPODomainController><![CDATA[WIN-KSMP2NDOJD1.bruh.local]]></GPODomainController><BackupTime><![CDATA[2020-06-07T21:53:57]]></BackupTime><ID><![CDATA[{8F9C3650-D24F-4C90-AC32-3AB66D409632}]]></ID><Comment><![CDATA[]]></Comment><GPODisplayName><![CDATA[Security Options - Network access]]></GPODisplayName></BackupInst>
