<BackupInst xmlns="http://www.microsoft.com/GroupPolicy/GPOOperations/Manifest"><GPOGuid><![CDATA[{380B0E7E-0ADE-467E-9323-42FD898CEC01}]]></GPOGuid><GPODomain><![CDATA[bruh.local]]></GPODomain><GPODomainGuid><![CDATA[{3967d319-8d1c-4c8b-ab5e-261385f8ebe4}]]></GPODomainGuid><GPODomainController><![CDATA[WIN-KSMP2NDOJD1.bruh.local]]></GPODomainController><BackupTime><![CDATA[2020-06-07T21:53:58]]></BackupTime><ID><![CDATA[{B81632F8-E8F5-4EA6-AD3A-C60BBB745D5C}]]></ID><Comment><![CDATA[]]></Comment><GPODisplayName><![CDATA[Turn off Microsoft Peer-to-Peer Networking Services]]></GPODisplayName></BackupInst>
