<BackupInst xmlns="http://www.microsoft.com/GroupPolicy/GPOOperations/Manifest"><GPOGuid><![CDATA[{AC0DA446-8489-42C9-A353-DD941FB86E67}]]></GPOGuid><GPODomain><![CDATA[bruh.local]]></GPODomain><GPODomainGuid><![CDATA[{3967d319-8d1c-4c8b-ab5e-261385f8ebe4}]]></GPODomainGuid><GPODomainController><![CDATA[WIN-KSMP2NDOJD1.bruh.local]]></GPODomainController><BackupTime><![CDATA[2020-06-07T21:53:55]]></BackupTime><ID><![CDATA[{4DB26FE1-E6E7-4224-AF2B-B606CD20AD25}]]></ID><Comment><![CDATA[]]></Comment><GPODisplayName><![CDATA[Login Settings]]></GPODisplayName></BackupInst>
