<BackupInst xmlns="http://www.microsoft.com/GroupPolicy/GPOOperations/Manifest"><GPOGuid><![CDATA[{B32E9D85-CC27-4463-85AB-6346A56661ED}]]></GPOGuid><GPODomain><![CDATA[bruh.local]]></GPODomain><GPODomainGuid><![CDATA[{3967d319-8d1c-4c8b-ab5e-261385f8ebe4}]]></GPODomainGuid><GPODomainController><![CDATA[WIN-KSMP2NDOJD1.bruh.local]]></GPODomainController><BackupTime><![CDATA[2020-06-07T21:53:56]]></BackupTime><ID><![CDATA[{5779F90E-1401-4F36-99AC-3A46BF4EB89D}]]></ID><Comment><![CDATA[]]></Comment><GPODisplayName><![CDATA[Security Options - Domain Member]]></GPODisplayName></BackupInst>
