<BackupInst xmlns="http://www.microsoft.com/GroupPolicy/GPOOperations/Manifest"><GPOGuid><![CDATA[{3BFD17A4-E1FB-42F7-A83E-F8D2F4C58F1B}]]></GPOGuid><GPODomain><![CDATA[bruh.local]]></GPODomain><GPODomainGuid><![CDATA[{3967d319-8d1c-4c8b-ab5e-261385f8ebe4}]]></GPODomainGuid><GPODomainController><![CDATA[WIN-KSMP2NDOJD1.bruh.local]]></GPODomainController><BackupTime><![CDATA[2020-06-07T21:53:54]]></BackupTime><ID><![CDATA[{26806873-220E-41C6-8FBE-12E099FBBB54}]]></ID><Comment><![CDATA[]]></Comment><GPODisplayName><![CDATA[Disallow copying of user input methods to the system account for sign in]]></GPODisplayName></BackupInst>
