<BackupInst xmlns="http://www.microsoft.com/GroupPolicy/GPOOperations/Manifest"><GPOGuid><![CDATA[{5A313501-275B-4168-9156-707F2618BA2E}]]></GPOGuid><GPODomain><![CDATA[bruh.local]]></GPODomain><GPODomainGuid><![CDATA[{3967d319-8d1c-4c8b-ab5e-261385f8ebe4}]]></GPODomainGuid><GPODomainController><![CDATA[WIN-KSMP2NDOJD1.bruh.local]]></GPODomainController><BackupTime><![CDATA[2020-06-07T21:53:55]]></BackupTime><ID><![CDATA[{E8998DB9-FB2B-49BD-8C92-D0707EFECC2B}]]></ID><Comment><![CDATA[]]></Comment><GPODisplayName><![CDATA[Prevent Users From Sharing Files Within Their Profile]]></GPODisplayName></BackupInst>
